-- phpMyAdmin SQL Dump
-- version 5.2.0
-- https://www.phpmyadmin.net/
--
-- Host: 127.0.0.1
-- Czas generowania: 13 Sty 2023, 13:44
-- Wersja serwera: 10.4.24-MariaDB
-- Wersja PHP: 8.1.6

SET SQL_MODE = "NO_AUTO_VALUE_ON_ZERO";
START TRANSACTION;
SET time_zone = "+00:00";


/*!40101 SET @OLD_CHARACTER_SET_CLIENT=@@CHARACTER_SET_CLIENT */;
/*!40101 SET @OLD_CHARACTER_SET_RESULTS=@@CHARACTER_SET_RESULTS */;
/*!40101 SET @OLD_COLLATION_CONNECTION=@@COLLATION_CONNECTION */;
/*!40101 SET NAMES utf8mb4 */;

--
-- Baza danych: `helpdesk`
--

-- --------------------------------------------------------

--
-- Struktura tabeli dla tabeli `comment`
--

CREATE TABLE `comment` (
  `id` int(11) NOT NULL,
  `com` text NOT NULL,
  `login_id` int(11) NOT NULL,
  `ticket_id` int(11) NOT NULL,
  `data` datetime NOT NULL
) ENGINE=InnoDB DEFAULT CHARSET=utf8mb4;

--
-- Zrzut danych tabeli `comment`
--

INSERT INTO `comment` (`id`, `com`, `login_id`, `ticket_id`, `data`) VALUES
(1, 'nowy komentaz', 1, 49, '2023-01-11 11:47:16'),
(2, 'fgdhdfgh', 1, 49, '2023-01-11 13:00:01'),
(3, 'sadgsdg', 1, 49, '2023-01-11 13:55:47'),
(4, 'nie wiem', 1, 50, '2023-01-11 13:56:01'),
(5, 'a może wiem', 1, 50, '2023-01-11 13:56:35'),
(6, 'sdfasd', 2, 51, '2023-01-12 10:44:36'),
(7, 'dfgdfg', 1, 54, '2023-01-12 12:27:00'),
(8, 'ghjvgh', 1, 54, '2023-01-12 12:27:03'),
(9, 'hjlkj', 1, 54, '2023-01-12 12:27:07'),
(10, 'halo', 1, 55, '2023-01-12 12:27:21'),
(11, 'test sesji', 2, 55, '2023-01-12 12:28:24'),
(12, 'test 2', 2, 55, '2023-01-12 12:28:32'),
(13, 'test sessesesse', 2, 55, '2023-01-12 12:29:10'),
(14, 'test sa', 2, 55, '2023-01-12 12:38:55'),
(15, 'rtdt', 1, 55, '2023-01-12 12:39:04'),
(16, 'rertretretretre', 2, 55, '2023-01-12 12:39:43'),
(17, 'sdfsdf', 1, 55, '2023-01-12 12:43:22'),
(18, 'sdfgdfsg', 2, 55, '2023-01-12 12:47:46'),
(19, 'test', 1, 55, '2023-01-12 12:59:02'),
(20, 'halo', 1, 55, '2023-01-12 12:59:51'),
(21, 'sdfgs', 1, 55, '2023-01-12 13:00:06'),
(22, 'sdfg', 2, 55, '2023-01-12 13:00:08'),
(23, 'sdfgsdfg', 2, 55, '2023-01-12 13:00:15'),
(24, 'sdfgs', 1, 55, '2023-01-12 13:00:36'),
(25, 'sdfg', 2, 55, '2023-01-12 13:00:41'),
(26, 'sdfg', 2, 55, '2023-01-12 13:00:47'),
(27, 'asdfasdf', 2, 55, '2023-01-12 13:01:59'),
(28, '1', 2, 55, '2023-01-12 13:02:04'),
(29, 's', 2, 55, '2023-01-12 13:02:09'),
(30, 'sdfgdsf', 2, 56, '2023-01-13 11:27:48'),
(31, 'gsdfgsdfg', 2, 56, '2023-01-13 11:27:58');

-- --------------------------------------------------------

--
-- Struktura tabeli dla tabeli `config_dept`
--

CREATE TABLE `config_dept` (
  `id` int(11) NOT NULL,
  `value` text NOT NULL
) ENGINE=InnoDB DEFAULT CHARSET=utf8mb4;

--
-- Zrzut danych tabeli `config_dept`
--

INSERT INTO `config_dept` (`id`, `value`) VALUES
(1, 'HR'),
(2, 'IT'),
(3, 'Sprzedaż'),
(4, 'Produkcja');

-- --------------------------------------------------------

--
-- Struktura tabeli dla tabeli `config_priority`
--

CREATE TABLE `config_priority` (
  `id` int(11) NOT NULL,
  `value` text NOT NULL
) ENGINE=InnoDB DEFAULT CHARSET=utf8mb4;

--
-- Zrzut danych tabeli `config_priority`
--

INSERT INTO `config_priority` (`id`, `value`) VALUES
(1, 'Niski'),
(2, 'Normalny'),
(3, 'Wysoki');

-- --------------------------------------------------------

--
-- Struktura tabeli dla tabeli `config_status`
--

CREATE TABLE `config_status` (
  `id` int(11) NOT NULL,
  `value` text NOT NULL
) ENGINE=InnoDB DEFAULT CHARSET=utf8mb4;

--
-- Zrzut danych tabeli `config_status`
--

INSERT INTO `config_status` (`id`, `value`) VALUES
(1, 'Nowy'),
(2, 'Potwierdzony'),
(3, 'Wstrzymany'),
(4, 'Rozwiązany');

-- --------------------------------------------------------

--
-- Struktura tabeli dla tabeli `login`
--

CREATE TABLE `login` (
  `id` int(11) NOT NULL,
  `name` varchar(100) NOT NULL,
  `email` varchar(100) NOT NULL,
  `password` varchar(255) NOT NULL,
  `lvl` int(11) NOT NULL DEFAULT 1,
  `dept` int(11) NOT NULL
) ENGINE=InnoDB DEFAULT CHARSET=utf8mb4;

--
-- Zrzut danych tabeli `login`
--

INSERT INTO `login` (`id`, `name`, `email`, `password`, `lvl`, `dept`) VALUES
(1, 'test', 'test@test.com', 'test', 1, 0),
(2, 'admin', 'admin@test.com', 'test', 2, 1);

-- --------------------------------------------------------

--
-- Struktura tabeli dla tabeli `logs`
--

CREATE TABLE `logs` (
  `id` int(11) NOT NULL,
  `data` datetime NOT NULL,
  `tresc` text NOT NULL
) ENGINE=InnoDB DEFAULT CHARSET=utf8mb4;

--
-- Zrzut danych tabeli `logs`
--

INSERT INTO `logs` (`id`, `data`, `tresc`) VALUES
(26, '2022-12-29 12:05:55', 'Database connected!'),
(27, '2022-12-29 12:43:27', 'Database connected!'),
(28, '2022-12-29 12:43:35', 'test has logged in.'),
(29, '2022-12-29 12:43:55', 'Database connected!'),
(30, '2022-12-29 12:44:11', 'test has logged in.'),
(31, '2022-12-29 12:55:48', 'Database connected!'),
(32, '2022-12-29 12:55:53', 'undefined'),
(33, '2022-12-29 12:56:02', 'test has logged in.'),
(34, '2022-12-29 12:56:02', 'test@test.com'),
(35, '2022-12-29 12:56:17', 'admin has logged in.'),
(36, '2022-12-29 12:56:17', 'admin@test.com'),
(37, '2022-12-29 13:00:14', 'Database connected!'),
(38, '2022-12-29 13:00:19', 'test has logged in.'),
(39, '2022-12-29 13:00:19', 'test@test.com'),
(40, '2022-12-29 14:29:15', 'Database connected!'),
(41, '2022-12-29 14:29:21', 'admin has logged in.'),
(42, '2022-12-30 10:29:32', 'Database connected!'),
(43, '2022-12-30 10:29:43', 'test has logged in.'),
(44, '2022-12-30 11:16:05', 'Database connected!'),
(45, '2022-12-30 11:16:12', 'test has logged in.'),
(46, '2022-12-30 11:16:15', 'test home'),
(47, '2022-12-30 11:16:17', 'test home'),
(48, '2022-12-30 11:16:18', 'test home'),
(49, '2022-12-30 11:16:18', 'test home'),
(50, '2022-12-30 11:16:18', 'test home'),
(51, '2022-12-30 11:16:18', 'test home'),
(52, '2022-12-30 11:18:39', 'test home'),
(53, '2022-12-30 11:18:39', 'test home'),
(54, '2022-12-30 11:18:40', 'test home'),
(55, '2022-12-30 11:18:41', 'test home'),
(56, '2022-12-30 11:18:41', 'test home'),
(57, '2022-12-30 11:18:41', 'test home'),
(58, '2022-12-30 11:18:41', 'test home'),
(59, '2022-12-30 11:18:41', 'test home'),
(60, '2022-12-30 11:20:15', 'test home'),
(61, '2022-12-30 11:20:16', 'test home'),
(62, '2022-12-30 11:20:16', 'test home'),
(63, '2022-12-30 11:20:49', 'test home'),
(64, '2022-12-30 11:20:50', 'test home'),
(65, '2022-12-30 11:20:51', 'test home'),
(66, '2022-12-30 11:20:51', 'test home'),
(67, '2022-12-30 11:20:51', 'test home'),
(68, '2022-12-30 11:20:52', 'test home'),
(69, '2022-12-30 11:21:07', 'test home'),
(70, '2022-12-30 11:21:07', 'test home'),
(71, '2022-12-30 11:21:07', 'test home'),
(72, '2022-12-30 11:21:08', 'test home'),
(73, '2022-12-30 11:21:08', 'test home'),
(74, '2022-12-30 11:21:09', 'test home'),
(75, '2022-12-30 11:21:09', 'test home'),
(76, '2022-12-30 11:21:10', 'test home'),
(77, '2022-12-30 11:21:10', 'test home'),
(78, '2022-12-30 11:21:40', 'Database connected!'),
(79, '2022-12-30 11:21:46', 'test has logged in.'),
(80, '2022-12-30 11:21:50', 'test home'),
(81, '2022-12-30 11:21:52', 'test home'),
(82, '2022-12-30 11:21:52', 'test home'),
(83, '2022-12-30 11:21:52', 'test home'),
(84, '2022-12-30 11:21:53', 'test home'),
(85, '2022-12-30 11:21:53', 'test home'),
(86, '2022-12-30 11:21:53', 'test home'),
(87, '2022-12-30 11:22:17', 'test home'),
(88, '2022-12-30 11:22:17', 'test home'),
(89, '2022-12-30 11:22:17', 'test home'),
(90, '2022-12-30 11:22:18', 'test home'),
(91, '2022-12-30 11:22:18', 'test home'),
(92, '2022-12-30 11:22:51', 'test home'),
(93, '2022-12-30 11:23:15', 'test home'),
(94, '2022-12-30 11:32:59', 'test home'),
(95, '2022-12-30 11:34:15', 'test home'),
(96, '2022-12-30 11:34:23', 'test home'),
(97, '2022-12-30 11:34:25', 'test home'),
(98, '2022-12-30 11:34:36', 'test home'),
(99, '2022-12-30 11:34:37', 'test home'),
(100, '2022-12-30 11:34:37', 'test home'),
(101, '2022-12-30 11:34:38', 'test home'),
(102, '2022-12-30 11:34:38', 'test home'),
(103, '2022-12-30 11:34:38', 'test home'),
(104, '2022-12-30 11:34:38', 'test home'),
(105, '2022-12-30 11:34:38', 'test home'),
(106, '2022-12-30 11:34:38', 'test home'),
(107, '2022-12-30 11:34:39', 'test home'),
(108, '2022-12-30 11:34:39', 'test home'),
(109, '2022-12-30 11:34:39', 'test home'),
(110, '2022-12-30 11:34:39', 'test home'),
(111, '2022-12-30 11:34:39', 'test home'),
(112, '2022-12-30 11:34:40', 'test home'),
(113, '2022-12-30 11:34:40', 'test home'),
(114, '2022-12-30 11:34:40', 'test home'),
(115, '2022-12-30 11:34:40', 'test home'),
(116, '2022-12-30 11:34:40', 'test home'),
(117, '2022-12-30 11:34:40', 'test home'),
(118, '2022-12-30 11:34:41', 'test home'),
(119, '2022-12-30 11:34:41', 'test home'),
(120, '2022-12-30 11:38:47', 'test home'),
(121, '2022-12-30 11:38:47', 'test home'),
(122, '2022-12-30 11:38:47', 'test home'),
(123, '2022-12-30 11:38:47', 'test home'),
(124, '2022-12-30 11:38:47', 'test home'),
(125, '2022-12-30 11:38:48', 'test home'),
(126, '2022-12-30 11:38:48', 'test home'),
(127, '2022-12-30 11:38:48', 'test home'),
(128, '2022-12-30 11:38:48', 'test home'),
(129, '2022-12-30 11:38:48', 'test home'),
(130, '2022-12-30 11:38:49', 'test home'),
(131, '2022-12-30 11:38:49', 'test home'),
(132, '2022-12-30 11:38:49', 'test home'),
(133, '2022-12-30 11:38:49', 'test home'),
(134, '2022-12-30 11:38:49', 'test home'),
(135, '2022-12-30 11:38:50', 'test home'),
(136, '2022-12-30 11:38:50', 'test home'),
(137, '2022-12-30 11:38:50', 'test home'),
(138, '2022-12-30 11:38:50', 'test home'),
(139, '2022-12-30 11:38:50', 'test home'),
(140, '2022-12-30 11:38:51', 'test home'),
(141, '2022-12-30 11:38:51', 'test home'),
(142, '2022-12-30 11:38:51', 'test home'),
(143, '2022-12-30 11:38:51', 'test home'),
(144, '2022-12-30 11:38:52', 'test home'),
(145, '2022-12-30 11:38:52', 'test home'),
(146, '2022-12-30 11:38:52', 'test home'),
(147, '2022-12-30 11:38:52', 'test home'),
(148, '2022-12-30 11:38:52', 'test home'),
(149, '2022-12-30 11:38:53', 'test home'),
(150, '2022-12-30 11:38:53', 'test home'),
(151, '2022-12-30 11:38:53', 'test home'),
(152, '2022-12-30 11:38:58', 'test home'),
(153, '2022-12-30 11:38:58', 'test home'),
(154, '2022-12-30 11:38:58', 'test home'),
(155, '2022-12-30 11:38:59', 'test home'),
(156, '2022-12-30 11:38:59', 'test home'),
(157, '2022-12-30 11:38:59', 'test home'),
(158, '2022-12-30 11:38:59', 'test home'),
(159, '2022-12-30 11:38:59', 'test home'),
(160, '2022-12-30 11:39:00', 'test home'),
(161, '2022-12-30 11:39:00', 'test home'),
(162, '2022-12-30 11:39:00', 'test home'),
(163, '2022-12-30 11:39:00', 'test home'),
(164, '2022-12-30 11:39:01', 'test home'),
(165, '2022-12-30 11:39:01', 'test home'),
(166, '2022-12-30 11:39:01', 'test home'),
(167, '2022-12-30 11:39:01', 'test home'),
(168, '2022-12-30 11:39:02', 'test home'),
(169, '2022-12-30 12:10:37', 'Database connected!'),
(170, '2022-12-30 12:10:47', 'test has logged in.'),
(171, '2022-12-30 12:11:12', 'Database connected!'),
(172, '2022-12-30 12:11:23', 'test has logged in.'),
(173, '2022-12-30 12:13:23', 'Database connected!'),
(174, '2022-12-30 12:13:29', 'test has logged in.'),
(175, '2022-12-30 12:13:33', 'test@test.comhas log out'),
(176, '2022-12-30 12:16:46', 'Database connected!'),
(177, '2022-12-30 12:16:52', 'test has logged in.'),
(178, '2022-12-30 12:18:13', 'Database connected!'),
(179, '2022-12-30 12:18:28', 'Database connected!'),
(180, '2022-12-30 12:18:37', 'test has logged in.'),
(181, '2022-12-30 12:18:41', 'test@test.comhas log out'),
(182, '2022-12-30 12:18:54', 'Database connected!'),
(183, '2022-12-30 12:19:04', 'test has logged in.'),
(184, '2022-12-30 12:19:07', 'test@test.comhas log out'),
(185, '2022-12-30 12:19:32', 'Database connected!'),
(186, '2022-12-30 12:19:43', 'test has logged in.'),
(187, '2022-12-30 12:19:47', 'test@test.comhas log out'),
(188, '2022-12-30 12:20:37', 'Database connected!'),
(189, '2022-12-30 12:20:43', 'test has logged in.'),
(190, '2022-12-30 12:20:47', 'test@test.comhas log out'),
(191, '0000-00-00 00:00:00', 'Database connected!'),
(192, '0000-00-00 00:00:00', 'Database connected!'),
(193, '0000-00-00 00:00:00', 'Database connected!'),
(194, '0000-00-00 00:00:00', 'Database connected!'),
(195, '2023-01-02 10:56:29', 'Database connected!'),
(196, '2023-01-02 10:59:09', 'Database connected!'),
(197, '2023-01-02 10:59:13', 'test has logged in.'),
(198, '2023-01-02 11:27:01', 'Database connected!'),
(199, '2023-01-02 11:27:08', 'test has logged in.'),
(200, '2023-01-02 11:30:51', 'Database connected!'),
(201, '2023-01-02 11:34:14', 'Database connected!'),
(202, '2023-01-02 11:37:04', 'test has logged in.'),
(203, '2023-01-02 11:49:28', 'Database connected!'),
(204, '2023-01-02 11:49:37', 'admin has logged in.'),
(205, '2023-01-02 11:50:41', 'Database connected!'),
(206, '2023-01-02 11:50:53', 'admin has logged in.'),
(207, '2023-01-02 11:52:59', 'Database connected!'),
(208, '2023-01-02 11:53:14', 'admin has logged in.'),
(209, '2023-01-02 11:53:56', 'test has logged in.'),
(210, '2023-01-02 12:07:23', 'Database connected!'),
(211, '2023-01-02 12:07:29', 'test has logged in.'),
(212, '2023-01-02 16:12:08', 'Database connected!'),
(213, '2023-01-02 16:12:16', 'test has logged in.'),
(214, '2023-01-02 16:19:51', 'Database connected!'),
(215, '2023-01-02 16:20:04', 'test has logged in.'),
(216, '2023-01-02 16:20:46', 'test '),
(217, '2023-01-02 16:20:50', 'test test'),
(218, '2023-01-02 16:20:51', 'test test'),
(219, '2023-01-02 16:21:44', 'Database connected!'),
(220, '2023-01-02 16:26:46', 'Database connected!'),
(221, '2023-01-02 16:26:51', 'test has logged in.'),
(222, '2023-01-02 16:26:57', 'test test'),
(223, '2023-01-02 16:27:05', 'Database connected!'),
(224, '2023-01-02 16:27:15', 'test has logged in.'),
(225, '2023-01-02 16:27:21', 'test test'),
(226, '2023-01-02 16:28:29', 'Database connected!'),
(227, '2023-01-02 16:28:41', 'test has logged in.'),
(228, '2023-01-02 16:28:47', 'test test'),
(229, '2023-01-02 16:31:42', 'Database connected!'),
(230, '2023-01-02 16:31:51', 'test has logged in.'),
(231, '2023-01-02 16:31:57', 'test test'),
(232, '2023-01-02 16:34:03', 'Database connected!'),
(233, '2023-01-02 16:34:14', 'test has logged in.'),
(234, '2023-01-02 16:34:20', 'test test'),
(235, '2023-01-02 16:35:36', 'Database connected!'),
(236, '2023-01-02 16:35:44', 'test has logged in.'),
(237, '2023-01-02 16:35:48', 'test test'),
(238, '2023-01-02 16:38:06', 'Database connected!'),
(239, '2023-01-02 16:38:12', 'test has logged in.'),
(240, '2023-01-02 16:38:17', 'dfsg sdfgd'),
(241, '2023-01-02 16:40:02', 'Database connected!'),
(242, '2023-01-02 16:40:09', 'test has logged in.'),
(243, '2023-01-02 16:40:13', 'asg sdag'),
(244, '2023-01-02 16:45:31', 'Database connected!'),
(245, '2023-01-02 16:45:41', 'test has logged in.'),
(246, '2023-01-02 16:45:44', 'sdg asdg'),
(247, '2023-01-02 16:45:44', 'ticket inserted'),
(248, '2023-01-02 16:47:29', 'Database connected!'),
(249, '2023-01-02 16:47:37', 'test has logged in.'),
(250, '2023-01-02 16:47:40', 'dsfg dfgsdf'),
(251, '2023-01-02 16:47:40', 'ticket inserted'),
(252, '2023-01-03 08:01:02', 'Database connected!'),
(253, '2023-01-03 08:01:10', 'test has logged in.'),
(254, '2023-01-03 08:01:19', 'dfhdhfs dsfhdsfhdf'),
(255, '2023-01-03 08:01:19', 'ticket inserted'),
(256, '2023-01-03 08:07:59', 'Database connected!'),
(257, '2023-01-03 08:08:06', 'test has logged in.'),
(258, '2023-01-03 08:08:10', 'ticket inserted'),
(259, '2023-01-03 08:15:58', 'Database connected!'),
(260, '2023-01-03 08:16:03', 'test has logged in.'),
(261, '2023-01-03 08:16:12', 'ticket inserted'),
(262, '2023-01-03 08:24:13', 'test has logged in.'),
(263, '2023-01-03 08:35:21', 'ticket inserted'),
(264, '2023-01-03 08:56:45', 'Database connected!'),
(265, '2023-01-03 08:56:50', 'test has logged in.'),
(266, '2023-01-03 09:03:08', 'Database connected!'),
(267, '2023-01-03 09:03:14', 'test has logged in.'),
(268, '2023-01-03 09:06:32', 'Database connected!'),
(269, '2023-01-03 09:06:37', 'test has logged in.'),
(270, '2023-01-03 11:43:13', 'Database connected!'),
(271, '2023-01-03 11:43:20', 'test has logged in.'),
(272, '2023-01-03 11:43:30', 'Database connected!'),
(273, '2023-01-03 11:43:43', 'test has logged in.'),
(274, '2023-01-03 11:44:26', 'Database connected!'),
(275, '2023-01-03 11:44:34', 'test has logged in.'),
(276, '2023-01-03 11:45:30', 'Database connected!'),
(277, '2023-01-03 11:45:37', 'test has logged in.'),
(278, '2023-01-03 11:47:12', 'ticket inserted'),
(279, '2023-01-03 11:47:16', 'ticket inserted'),
(280, '2023-01-03 11:47:20', 'ticket inserted'),
(281, '2023-01-03 11:47:22', 'ticket inserted'),
(282, '2023-01-03 11:47:26', 'ticket inserted'),
(283, '2023-01-03 11:47:28', 'ticket inserted'),
(284, '2023-01-03 11:47:29', 'ticket inserted'),
(285, '2023-01-03 11:47:31', 'ticket inserted'),
(286, '2023-01-03 11:47:33', 'ticket inserted'),
(287, '2023-01-03 12:11:02', 'Database connected!'),
(288, '2023-01-03 12:11:17', 'test has logged in.'),
(289, '2023-01-03 12:12:27', 'Database connected!'),
(290, '2023-01-03 12:12:34', 'test has logged in.'),
(291, '2023-01-03 12:13:06', 'Database connected!'),
(292, '2023-01-03 12:13:12', 'test has logged in.'),
(293, '2023-01-03 12:14:05', 'Database connected!'),
(294, '2023-01-03 12:14:11', 'test has logged in.'),
(295, '2023-01-03 12:14:16', 'next page'),
(296, '2023-01-03 12:14:17', 'next page'),
(297, '2023-01-03 12:14:18', 'next page'),
(298, '2023-01-03 12:14:18', 'next page'),
(299, '2023-01-03 12:14:19', 'next page'),
(300, '2023-01-03 12:14:19', 'next page'),
(301, '2023-01-03 12:14:34', 'next page'),
(302, '2023-01-03 12:15:58', 'next page'),
(303, '2023-01-03 12:16:00', 'next page'),
(304, '2023-01-03 12:16:05', 'next page'),
(305, '2023-01-03 12:16:05', 'next page'),
(306, '2023-01-03 12:16:50', 'next page'),
(307, '2023-01-03 12:16:51', 'next page'),
(308, '2023-01-03 12:16:59', 'next page'),
(309, '2023-01-03 12:17:04', 'next page'),
(310, '2023-01-03 12:17:58', 'Database connected!'),
(311, '2023-01-03 12:18:07', 'test has logged in.'),
(312, '2023-01-03 12:18:13', 'next page'),
(313, '2023-01-03 12:18:13', 'NaN'),
(314, '2023-01-03 12:18:54', 'Database connected!'),
(315, '2023-01-03 12:18:58', 'test has logged in.'),
(316, '2023-01-03 12:19:02', 'next page'),
(317, '2023-01-03 12:19:02', '-1'),
(318, '2023-01-03 12:19:04', 'next page'),
(319, '2023-01-03 12:19:04', '-1'),
(320, '2023-01-03 12:19:06', 'next page'),
(321, '2023-01-03 12:19:06', '-1'),
(322, '2023-01-03 12:19:06', 'next page'),
(323, '2023-01-03 12:19:06', '-1'),
(324, '2023-01-03 12:19:07', 'next page'),
(325, '2023-01-03 12:19:07', '-1'),
(326, '2023-01-03 12:19:08', 'next page'),
(327, '2023-01-03 12:19:08', '1'),
(328, '2023-01-03 12:19:09', 'next page'),
(329, '2023-01-03 12:19:09', '2'),
(330, '2023-01-03 12:19:12', 'next page'),
(331, '2023-01-03 12:19:12', '3'),
(332, '2023-01-03 12:19:14', 'next page'),
(333, '2023-01-03 12:19:14', '2.5'),
(334, '2023-01-03 12:19:14', 'next page'),
(335, '2023-01-03 12:19:14', '3.5'),
(336, '2023-01-03 12:19:15', 'next page'),
(337, '2023-01-03 12:19:15', '2.5'),
(338, '2023-01-03 12:19:16', 'next page'),
(339, '2023-01-03 12:19:16', '3.5'),
(340, '2023-01-03 12:19:17', 'next page'),
(341, '2023-01-03 12:19:17', '2.5'),
(342, '2023-01-03 12:19:18', 'next page'),
(343, '2023-01-03 12:19:18', '3.5'),
(344, '2023-01-03 12:19:19', 'next page'),
(345, '2023-01-03 12:19:19', '2.5'),
(346, '2023-01-03 12:19:20', 'next page'),
(347, '2023-01-03 12:19:20', '3.5'),
(348, '2023-01-03 12:19:20', 'next page'),
(349, '2023-01-03 12:19:20', '2.5'),
(350, '2023-01-03 12:19:21', 'next page'),
(351, '2023-01-03 12:19:21', '3.5'),
(352, '2023-01-03 12:19:22', 'next page'),
(353, '2023-01-03 12:19:22', '2.5'),
(354, '2023-01-03 12:19:23', 'next page'),
(355, '2023-01-03 12:19:23', '3.5'),
(356, '2023-01-03 12:19:24', 'next page'),
(357, '2023-01-03 12:19:24', '2.5'),
(358, '2023-01-03 12:19:26', 'next page'),
(359, '2023-01-03 12:19:26', '1.5'),
(360, '2023-01-03 12:19:27', 'next page'),
(361, '2023-01-03 12:19:27', '0.5'),
(362, '2023-01-03 12:19:29', 'next page'),
(363, '2023-01-03 12:19:29', '-0.5'),
(364, '2023-01-03 12:19:30', 'next page'),
(365, '2023-01-03 12:19:30', '1'),
(366, '2023-01-03 12:19:32', 'next page'),
(367, '2023-01-03 12:19:32', '0'),
(368, '2023-01-03 12:21:46', 'next page'),
(369, '2023-01-03 12:21:46', '-1'),
(370, '2023-01-03 12:21:48', 'next page'),
(371, '2023-01-03 12:21:48', '1'),
(372, '2023-01-03 12:21:50', 'next page'),
(373, '2023-01-03 12:21:50', '2'),
(374, '2023-01-03 12:21:51', 'next page'),
(375, '2023-01-03 12:21:51', '1'),
(376, '2023-01-03 12:21:52', 'next page'),
(377, '2023-01-03 12:21:52', '0'),
(378, '2023-01-03 12:21:53', 'next page'),
(379, '2023-01-03 12:21:53', '-1'),
(380, '2023-01-03 12:21:54', 'next page'),
(381, '2023-01-03 12:21:54', '-1'),
(382, '2023-01-03 12:22:23', 'Database connected!'),
(383, '2023-01-03 12:22:31', 'test has logged in.'),
(384, '2023-01-03 12:22:37', 'next page'),
(385, '2023-01-03 12:22:37', '-1'),
(386, '2023-01-03 12:22:38', 'next page'),
(387, '2023-01-03 12:22:38', '1'),
(388, '2023-01-03 12:22:41', 'next page'),
(389, '2023-01-03 12:22:41', '2'),
(390, '2023-01-03 12:22:42', 'next page'),
(391, '2023-01-03 12:22:42', '2.5'),
(392, '2023-01-03 12:22:44', 'next page'),
(393, '2023-01-03 12:22:44', '2.5'),
(394, '2023-01-03 12:22:44', 'next page'),
(395, '2023-01-03 12:22:44', '2.5'),
(396, '2023-01-03 12:22:45', 'next page'),
(397, '2023-01-03 12:22:45', '2.5'),
(398, '2023-01-03 12:22:46', 'next page'),
(399, '2023-01-03 12:22:46', '0.5'),
(400, '2023-01-03 12:22:48', 'next page'),
(401, '2023-01-03 12:22:48', '-0.5'),
(402, '2023-01-03 12:22:50', 'next page'),
(403, '2023-01-03 12:22:50', '-1'),
(404, '2023-01-03 12:22:51', 'next page'),
(405, '2023-01-03 12:22:51', '1'),
(406, '2023-01-03 12:24:36', 'Database connected!'),
(407, '2023-01-03 12:24:40', 'test has logged in.'),
(408, '2023-01-03 12:24:46', 'next page'),
(409, '2023-01-03 12:24:46', '-1'),
(410, '2023-01-03 12:24:48', 'next page'),
(411, '2023-01-03 12:24:48', '1'),
(412, '2023-01-03 12:24:49', 'next page'),
(413, '2023-01-03 12:24:49', '2'),
(414, '2023-01-03 12:24:51', 'next page'),
(415, '2023-01-03 12:24:51', '2'),
(416, '2023-01-03 12:24:52', 'next page'),
(417, '2023-01-03 12:24:52', '2'),
(418, '2023-01-03 12:24:54', 'next page'),
(419, '2023-01-03 12:24:54', '0'),
(420, '2023-01-03 12:24:55', 'next page'),
(421, '2023-01-03 12:24:55', '-1'),
(422, '2023-01-03 12:24:55', 'next page'),
(423, '2023-01-03 12:24:55', '1'),
(424, '2023-01-03 12:24:56', 'next page'),
(425, '2023-01-03 12:24:56', '2'),
(426, '2023-01-03 12:24:57', 'next page'),
(427, '2023-01-03 12:24:57', '2'),
(428, '2023-01-03 12:24:57', 'next page'),
(429, '2023-01-03 12:24:57', '0'),
(430, '2023-01-03 12:24:58', 'next page'),
(431, '2023-01-03 12:24:58', '-1'),
(432, '2023-01-03 12:24:59', 'next page'),
(433, '2023-01-03 12:24:59', '1'),
(434, '2023-01-03 12:26:47', 'Database connected!'),
(435, '2023-01-03 12:26:52', 'test has logged in.'),
(436, '2023-01-03 12:27:02', 'next page'),
(437, '2023-01-03 12:27:03', 'next page'),
(438, '2023-01-03 12:27:04', 'next page'),
(439, '2023-01-03 12:27:05', 'next page'),
(440, '2023-01-03 12:27:06', 'next page'),
(441, '2023-01-03 12:27:08', 'next page'),
(442, '2023-01-03 12:27:56', 'Database connected!'),
(443, '2023-01-03 12:28:02', 'test has logged in.'),
(444, '2023-01-03 12:28:12', 'next page'),
(445, '2023-01-03 12:28:14', 'next page'),
(446, '2023-01-03 12:28:14', 'next page'),
(447, '2023-01-03 12:28:15', 'next page'),
(448, '2023-01-03 12:28:42', 'ticket inserted'),
(449, '2023-01-03 12:28:45', 'next page'),
(450, '2023-01-03 12:28:46', 'next page'),
(451, '2023-01-03 12:28:48', 'next page'),
(452, '2023-01-03 12:28:49', 'next page'),
(453, '2023-01-03 12:28:50', 'next page'),
(454, '2023-01-03 12:28:50', 'next page'),
(455, '2023-01-03 12:29:11', 'ticket inserted'),
(456, '2023-01-03 12:29:14', 'ticket inserted'),
(457, '2023-01-03 12:29:16', 'ticket inserted'),
(458, '2023-01-03 12:29:18', 'ticket inserted'),
(459, '2023-01-03 12:29:19', 'ticket inserted'),
(460, '2023-01-03 12:29:20', 'ticket inserted'),
(461, '2023-01-03 12:29:22', 'ticket inserted'),
(462, '2023-01-03 12:29:24', 'ticket inserted'),
(463, '2023-01-03 12:29:25', 'ticket inserted'),
(464, '2023-01-03 12:29:27', 'ticket inserted'),
(465, '2023-01-03 12:29:28', 'ticket inserted'),
(466, '2023-01-03 12:29:29', 'ticket inserted'),
(467, '2023-01-03 12:29:31', 'ticket inserted'),
(468, '2023-01-03 12:29:32', 'ticket inserted'),
(469, '2023-01-03 12:29:34', 'ticket inserted'),
(470, '2023-01-03 12:29:35', 'ticket inserted'),
(471, '2023-01-03 12:29:37', 'ticket inserted'),
(472, '2023-01-03 12:29:38', 'ticket inserted'),
(473, '2023-01-03 12:29:40', 'ticket inserted'),
(474, '2023-01-03 12:29:42', 'next page'),
(475, '2023-01-03 12:29:43', 'next page'),
(476, '2023-01-03 12:29:44', 'next page'),
(477, '2023-01-03 12:29:45', 'next page'),
(478, '2023-01-03 12:29:46', 'next page'),
(479, '2023-01-03 12:29:47', 'next page'),
(480, '2023-01-03 12:29:48', 'next page'),
(481, '2023-01-03 12:29:49', 'next page'),
(482, '2023-01-03 12:29:49', 'next page'),
(483, '2023-01-03 12:29:53', 'next page'),
(484, '2023-01-03 12:29:54', 'next page'),
(485, '2023-01-03 12:29:56', 'next page'),
(486, '2023-01-03 12:32:04', 'Database connected!'),
(487, '2023-01-03 12:32:12', 'test has logged in.'),
(488, '2023-01-03 12:32:18', 'next page'),
(489, '2023-01-03 12:32:18', 'ticket inserted'),
(490, '2023-01-03 12:32:20', 'next page'),
(491, '2023-01-03 12:32:21', 'next page'),
(492, '2023-01-03 12:32:21', 'next page'),
(493, '2023-01-03 12:32:23', 'next page'),
(494, '2023-01-03 12:32:56', 'next page'),
(495, '2023-01-03 12:32:57', 'next page'),
(496, '2023-01-03 12:32:58', 'next page'),
(497, '2023-01-03 12:32:58', 'next page'),
(498, '2023-01-03 12:32:59', 'next page'),
(499, '2023-01-03 12:33:00', 'next page'),
(500, '2023-01-03 12:33:01', 'next page'),
(501, '2023-01-03 12:33:02', 'next page'),
(502, '2023-01-03 12:33:02', 'next page'),
(503, '2023-01-03 12:33:03', 'next page'),
(504, '2023-01-03 12:33:03', 'next page'),
(505, '2023-01-03 12:33:04', 'next page'),
(506, '2023-01-03 12:33:04', 'next page'),
(507, '2023-01-03 12:33:05', 'next page'),
(508, '2023-01-03 12:33:10', 'next page'),
(509, '2023-01-03 12:33:10', 'ticket inserted'),
(510, '2023-01-03 12:33:12', 'next page'),
(511, '2023-01-03 12:33:12', 'next page'),
(512, '2023-01-03 12:33:12', 'next page'),
(513, '2023-01-03 12:33:13', 'next page'),
(514, '2023-01-03 12:33:14', 'next page'),
(515, '2023-01-03 12:33:15', 'next page'),
(516, '2023-01-03 12:33:15', 'next page'),
(517, '2023-01-03 12:33:15', 'next page'),
(518, '2023-01-03 12:33:17', 'next page'),
(519, '2023-01-03 12:33:18', 'next page'),
(520, '2023-01-03 12:33:19', 'next page'),
(521, '2023-01-03 12:33:19', 'next page'),
(522, '2023-01-03 12:33:20', 'next page'),
(523, '2023-01-03 12:43:05', 'next page'),
(524, '2023-01-03 12:43:05', 'next page'),
(525, '2023-01-03 12:43:06', 'next page'),
(526, '2023-01-03 12:43:06', 'next page'),
(527, '2023-01-03 12:43:07', 'next page'),
(528, '2023-01-03 12:43:08', 'next page'),
(529, '2023-01-03 12:43:09', 'next page'),
(530, '2023-01-03 12:43:09', 'next page'),
(531, '2023-01-03 12:43:10', 'next page'),
(532, '2023-01-03 12:43:47', 'next page'),
(533, '2023-01-03 12:43:47', 'next page'),
(534, '2023-01-03 12:43:47', 'next page'),
(535, '2023-01-03 12:43:48', 'next page'),
(536, '2023-01-03 12:43:49', 'next page'),
(537, '2023-01-03 12:43:49', 'next page'),
(538, '2023-01-03 12:43:49', 'next page'),
(539, '2023-01-03 12:43:50', 'next page'),
(540, '2023-01-03 12:44:45', 'next page'),
(541, '2023-01-03 12:44:46', 'next page'),
(542, '2023-01-03 12:44:47', 'next page'),
(543, '2023-01-03 12:44:47', 'next page'),
(544, '2023-01-03 12:44:48', 'next page'),
(545, '2023-01-03 12:44:48', 'next page'),
(546, '2023-01-03 12:44:49', 'next page'),
(547, '2023-01-03 12:44:49', 'next page'),
(548, '2023-01-03 12:44:49', 'next page'),
(549, '2023-01-03 12:58:58', 'next page'),
(550, '2023-01-03 12:58:59', 'next page'),
(551, '2023-01-03 12:58:59', 'next page'),
(552, '2023-01-03 12:59:00', 'next page'),
(553, '2023-01-03 12:59:00', 'next page'),
(554, '2023-01-03 12:59:00', 'next page'),
(555, '2023-01-03 12:59:01', 'next page'),
(556, '2023-01-03 12:59:01', 'next page'),
(557, '2023-01-03 12:59:02', 'next page'),
(558, '2023-01-03 12:59:03', 'next page'),
(559, '2023-01-03 12:59:03', 'next page'),
(560, '2023-01-03 12:59:03', 'next page'),
(561, '2023-01-03 13:01:16', 'Database connected!'),
(562, '2023-01-03 13:22:50', 'test has logged in.'),
(563, '2023-01-03 13:26:06', 'Database connected!'),
(564, '2023-01-03 13:26:11', 'test has logged in.'),
(565, '2023-01-03 14:03:30', 'Database connected!'),
(566, '2023-01-03 14:03:36', 'test has logged in.'),
(567, '2023-01-03 14:05:41', 'Database connected!'),
(568, '2023-01-03 14:05:48', 'test has logged in.'),
(569, '2023-01-03 14:06:59', 'Database connected!'),
(570, '2023-01-03 14:07:06', 'test has logged in.'),
(571, '2023-01-03 14:07:11', 'view ticket'),
(572, '2023-01-03 14:07:22', 'Database connected!'),
(573, '2023-01-03 14:07:30', 'test has logged in.'),
(574, '2023-01-03 14:07:34', 'view ticket'),
(575, '2023-01-03 14:08:18', 'Database connected!'),
(576, '2023-01-03 14:08:23', 'test has logged in.'),
(577, '2023-01-03 14:08:26', 'view ticket'),
(578, '2023-01-03 14:09:39', 'view ticket'),
(579, '2023-01-03 14:09:44', 'view ticket'),
(580, '2023-01-03 14:09:58', 'ticket inserted'),
(581, '2023-01-03 14:09:59', 'view ticket'),
(582, '2023-01-03 14:12:21', 'view ticket'),
(583, '2023-01-03 14:12:26', 'view ticket'),
(584, '2023-01-03 14:12:35', 'view ticket'),
(585, '2023-01-03 14:12:37', 'view ticket'),
(586, '2023-01-03 14:12:40', 'view ticket'),
(587, '2023-01-03 14:13:32', 'view ticket'),
(588, '2023-01-03 14:13:34', 'view ticket'),
(589, '2023-01-03 14:13:37', 'view ticket'),
(590, '2023-01-04 08:24:59', 'Database connected!'),
(591, '2023-01-04 08:34:01', 'test has logged in.'),
(592, '2023-01-04 10:41:53', 'test has logged in.'),
(593, '2023-01-04 11:58:20', 'ticket inserted'),
(594, '2023-01-04 12:08:39', 'ticket inserted'),
(595, '2023-01-04 12:09:02', 'ticket inserted'),
(596, '2023-01-09 12:13:56', 'Database connected!'),
(597, '2023-01-09 12:14:08', 'test has logged in.'),
(598, '2023-01-09 15:42:24', 'Database connected!'),
(599, '2023-01-09 15:42:50', 'test has logged in.'),
(600, '2023-01-10 12:07:48', 'Database connected!'),
(601, '2023-01-10 12:07:58', 'test has logged in.'),
(602, '2023-01-11 11:22:27', 'Database connected!'),
(603, '2023-01-11 11:22:33', 'test has logged in.'),
(604, '2023-01-11 11:46:52', 'Database connected!'),
(605, '2023-01-11 11:46:58', 'test has logged in.'),
(606, '2023-01-11 11:47:16', 'comment inserted'),
(607, '2023-01-11 12:02:34', 'Database connected!'),
(608, '2023-01-11 12:02:39', 'test has logged in.'),
(609, '2023-01-11 12:02:59', 'Database connected!'),
(610, '2023-01-11 12:03:11', 'test has logged in.'),
(611, '2023-01-11 12:03:31', 'Database connected!'),
(612, '2023-01-11 12:03:40', 'test has logged in.'),
(613, '2023-01-11 12:09:56', 'Database connected!'),
(614, '2023-01-11 12:10:07', 'test has logged in.'),
(615, '2023-01-11 12:16:41', 'Database connected!'),
(616, '2023-01-11 12:16:50', 'test has logged in.'),
(617, '2023-01-11 12:16:54', '1'),
(618, '2023-01-11 12:17:40', 'Database connected!'),
(619, '2023-01-11 12:17:49', 'test has logged in.'),
(620, '2023-01-11 12:17:52', 'nowy komentaz'),
(621, '2023-01-11 12:18:56', 'Database connected!'),
(622, '2023-01-11 12:19:10', 'test has logged in.'),
(623, '2023-01-11 12:19:13', 'nowy komentaz'),
(624, '2023-01-11 12:19:13', '1'),
(625, '2023-01-11 12:21:05', 'Database connected!'),
(626, '2023-01-11 12:21:11', 'Database connected!'),
(627, '2023-01-11 12:21:21', 'test has logged in.'),
(628, '2023-01-11 12:21:24', 'nowy komentaz'),
(629, '2023-01-11 12:23:57', 'Database connected!'),
(630, '2023-01-11 12:24:06', 'test has logged in.'),
(631, '2023-01-11 12:24:10', '0'),
(632, '2023-01-11 12:24:10', 'nowy komentaz'),
(633, '2023-01-11 12:25:08', 'Database connected!'),
(634, '2023-01-11 12:25:23', 'test has logged in.'),
(635, '2023-01-11 12:25:26', 'out0'),
(636, '2023-01-11 12:25:26', 'nowy komentaz'),
(637, '2023-01-11 12:31:15', 'Database connected!'),
(638, '2023-01-11 12:31:23', 'test has logged in.'),
(639, '2023-01-11 12:39:07', 'Database connected!'),
(640, '2023-01-11 12:39:18', 'test has logged in.'),
(641, '2023-01-11 12:39:22', 'nowy komentaz'),
(642, '2023-01-11 13:00:01', 'comment inserted'),
(643, '2023-01-11 13:00:17', 'nowy komentaz'),
(644, '2023-01-11 13:01:02', 'Database connected!'),
(645, '2023-01-11 13:01:08', 'test has logged in.'),
(646, '2023-01-11 13:14:41', 'Database connected!'),
(647, '2023-01-11 13:14:48', 'test has logged in.'),
(648, '2023-01-11 13:14:51', '0'),
(649, '2023-01-11 13:15:34', 'Database connected!'),
(650, '2023-01-11 13:15:40', 'test has logged in.'),
(651, '2023-01-11 13:15:43', '2'),
(652, '2023-01-11 13:15:43', '0'),
(653, '2023-01-11 13:17:22', 'Database connected!'),
(654, '2023-01-11 13:17:30', 'test has logged in.'),
(655, '2023-01-11 13:17:44', '2'),
(656, '2023-01-11 13:17:44', '1'),
(657, '2023-01-11 13:17:44', '1'),
(658, '2023-01-11 13:27:40', 'Database connected!'),
(659, '2023-01-11 13:27:48', 'test has logged in.'),
(660, '2023-01-11 13:27:53', '2'),
(661, '2023-01-11 13:27:53', '0'),
(662, '2023-01-11 13:27:53', '1'),
(663, '2023-01-11 13:33:34', '2'),
(664, '2023-01-11 13:33:34', '0'),
(665, '2023-01-11 13:33:34', '1'),
(666, '2023-01-11 13:55:29', 'Database connected!'),
(667, '2023-01-11 13:55:36', 'test has logged in.'),
(668, '2023-01-11 13:55:47', 'comment inserted'),
(669, '2023-01-11 13:56:01', 'comment inserted'),
(670, '2023-01-11 13:56:35', 'comment inserted'),
(671, '2023-01-11 13:58:12', 'Database connected!'),
(672, '2023-01-11 13:58:21', 'test has logged in.'),
(673, '2023-01-11 13:58:55', 'Database connected!'),
(674, '2023-01-11 13:59:09', 'test has logged in.'),
(675, '2023-01-11 13:59:30', 'Database connected!'),
(676, '2023-01-11 13:59:35', 'test has logged in.'),
(677, '2023-01-12 10:31:04', 'Database connected!'),
(678, '2023-01-12 10:31:12', 'test has logged in.'),
(679, '2023-01-12 10:34:11', 'test has logged in.'),
(680, '2023-01-12 10:40:31', 'admin has logged in.'),
(681, '2023-01-12 10:44:28', 'ticket inserted'),
(682, '2023-01-12 10:44:36', 'comment inserted'),
(683, '2023-01-12 11:06:32', 'Database connected!'),
(684, '2023-01-12 11:06:40', 'admin has logged in.'),
(685, '2023-01-12 11:10:16', 'Database connected!'),
(686, '2023-01-12 11:10:24', 'admin has logged in.'),
(687, '2023-01-12 11:14:17', 'Database connected!'),
(688, '2023-01-12 11:14:27', 'admin has logged in.'),
(689, '2023-01-12 11:22:08', 'Database connected!'),
(690, '2023-01-12 11:22:17', 'admin has logged in.'),
(691, '2023-01-12 11:23:42', 'Database connected!'),
(692, '2023-01-12 11:23:49', 'admin has logged in.'),
(693, '2023-01-12 11:26:52', 'Database connected!'),
(694, '2023-01-12 11:27:02', 'admin has logged in.'),
(695, '2023-01-12 11:36:24', 'ticket inserted'),
(696, '2023-01-12 11:37:23', 'Database connected!'),
(697, '2023-01-12 11:37:29', 'admin has logged in.'),
(698, '2023-01-12 11:40:49', 'Database connected!'),
(699, '2023-01-12 11:40:56', 'admin has logged in.'),
(700, '2023-01-12 11:44:51', 'Database connected!'),
(701, '2023-01-12 11:44:58', 'admin has logged in.'),
(702, '2023-01-12 11:47:01', 'Database connected!'),
(703, '2023-01-12 11:47:15', 'admin has logged in.'),
(704, '2023-01-12 11:49:25', 'Database connected!'),
(705, '2023-01-12 11:49:30', 'admin has logged in.'),
(706, '2023-01-12 11:50:30', 'Database connected!'),
(707, '2023-01-12 11:50:36', 'admin has logged in.'),
(708, '2023-01-12 11:50:52', 'ticket inserted'),
(709, '2023-01-12 11:53:40', 'Database connected!'),
(710, '2023-01-12 11:53:45', 'admin has logged in.'),
(711, '2023-01-12 12:04:09', 'Database connected!'),
(712, '2023-01-12 12:04:14', 'test has logged in.'),
(713, '2023-01-12 12:04:59', 'ticket inserted'),
(714, '2023-01-12 12:05:33', 'ticket inserted'),
(715, '2023-01-12 12:11:31', 'admin has logged in.'),
(716, '2023-01-12 12:26:47', 'Database connected!'),
(717, '2023-01-12 12:26:52', 'test has logged in.'),
(718, '2023-01-12 12:27:00', 'comment inserted'),
(719, '2023-01-12 12:27:03', 'comment inserted'),
(720, '2023-01-12 12:27:07', 'comment inserted'),
(721, '2023-01-12 12:27:21', 'comment inserted'),
(722, '2023-01-12 12:28:03', 'admin has logged in.'),
(723, '2023-01-12 12:28:24', 'comment inserted'),
(724, '2023-01-12 12:28:32', 'comment inserted'),
(725, '2023-01-12 12:29:10', 'comment inserted'),
(726, '2023-01-12 12:30:18', 'ticket inserted'),
(727, '2023-01-12 12:34:59', 'Database connected!'),
(728, '2023-01-12 12:35:05', 'test has logged in.'),
(729, '2023-01-12 12:35:31', 'admin has logged in.'),
(730, '2023-01-12 12:37:08', 'Database connected!'),
(731, '2023-01-12 12:37:15', 'test has logged in.'),
(732, '2023-01-12 12:37:21', 'admin has logged in.'),
(733, '2023-01-12 12:38:25', 'Database connected!'),
(734, '2023-01-12 12:38:30', 'test has logged in.'),
(735, '2023-01-12 12:38:45', 'admin has logged in.'),
(736, '2023-01-12 12:38:55', 'comment inserted'),
(737, '2023-01-12 12:39:04', 'comment inserted'),
(738, '2023-01-12 12:39:43', 'comment inserted'),
(739, '2023-01-12 12:43:10', 'Database connected!'),
(740, '2023-01-12 12:43:15', 'test has logged in.'),
(741, '2023-01-12 12:43:22', 'comment inserted'),
(742, '2023-01-12 12:43:28', 'admin has logged in.'),
(743, '2023-01-12 12:47:12', 'Database connected!'),
(744, '2023-01-12 12:47:17', 'test has logged in.'),
(745, '2023-01-12 12:47:38', 'admin has logged in.'),
(746, '2023-01-12 12:47:46', 'comment inserted'),
(747, '2023-01-12 12:59:02', 'comment inserted'),
(748, '2023-01-12 12:59:51', 'comment inserted'),
(749, '2023-01-12 13:00:06', 'comment inserted'),
(750, '2023-01-12 13:00:08', 'comment inserted'),
(751, '2023-01-12 13:00:15', 'comment inserted'),
(752, '2023-01-12 13:00:36', 'comment inserted'),
(753, '2023-01-12 13:00:41', 'comment inserted'),
(754, '2023-01-12 13:00:47', 'comment inserted'),
(755, '2023-01-12 13:01:59', 'comment inserted'),
(756, '2023-01-12 13:02:04', 'comment inserted'),
(757, '2023-01-12 13:02:10', 'comment inserted'),
(758, '2023-01-13 11:25:42', 'Database connected!'),
(759, '2023-01-13 11:25:51', 'admin has logged in.'),
(760, '2023-01-13 11:27:48', 'comment inserted'),
(761, '2023-01-13 11:27:58', 'comment inserted'),
(762, '2023-01-13 12:27:15', 'Database connected!'),
(763, '2023-01-13 12:27:21', 'admin has logged in.'),
(764, '2023-01-13 12:27:37', 'ticket edited'),
(765, '2023-01-13 12:30:40', 'ticket inserted'),
(766, '2023-01-13 13:02:28', 'Database connected!'),
(767, '2023-01-13 13:02:34', 'admin has logged in.'),
(768, '2023-01-13 13:09:24', 'Database connected!'),
(769, '2023-01-13 13:09:34', 'admin has logged in.'),
(770, '2023-01-13 13:12:09', 'Database connected!'),
(771, '2023-01-13 13:12:16', 'admin has logged in.'),
(772, '2023-01-13 13:12:16', 'test'),
(773, '2023-01-13 13:12:16', 'test'),
(774, '2023-01-13 13:12:16', 'test'),
(775, '2023-01-13 13:12:16', 'test'),
(776, '2023-01-13 13:12:16', 'test'),
(777, '2023-01-13 13:12:16', 'test'),
(778, '2023-01-13 13:12:16', 'test'),
(779, '2023-01-13 13:12:16', 'test'),
(780, '2023-01-13 13:12:16', 'test'),
(781, '2023-01-13 13:12:16', 'test'),
(782, '2023-01-13 13:12:16', 'test'),
(783, '2023-01-13 13:12:16', 'test'),
(784, '2023-01-13 13:12:30', 'Database connected!'),
(785, '2023-01-13 13:12:38', 'admin has logged in.'),
(786, '2023-01-13 13:12:39', 'test2'),
(787, '2023-01-13 13:12:39', 'test'),
(788, '2023-01-13 13:12:39', 'test'),
(789, '2023-01-13 13:12:39', 'test'),
(790, '2023-01-13 13:12:39', 'test'),
(791, '2023-01-13 13:12:39', 'test'),
(792, '2023-01-13 13:12:39', 'test'),
(793, '2023-01-13 13:12:39', 'test'),
(794, '2023-01-13 13:12:39', 'test'),
(795, '2023-01-13 13:12:39', 'test'),
(796, '2023-01-13 13:12:39', 'test'),
(797, '2023-01-13 13:12:39', 'test'),
(798, '2023-01-13 13:13:32', 'Database connected!'),
(799, '2023-01-13 13:13:37', 'admin has logged in.'),
(800, '2023-01-13 13:13:37', 'test2'),
(801, '2023-01-13 13:13:37', 'test0'),
(802, '2023-01-13 13:13:37', 'test0'),
(803, '2023-01-13 13:13:37', 'test0'),
(804, '2023-01-13 13:13:37', 'test1'),
(805, '2023-01-13 13:13:37', 'test1'),
(806, '2023-01-13 13:13:37', 'test1'),
(807, '2023-01-13 13:13:37', 'test1'),
(808, '2023-01-13 13:13:37', 'test2'),
(809, '2023-01-13 13:13:37', 'test2'),
(810, '2023-01-13 13:13:37', 'test2'),
(811, '2023-01-13 13:13:37', 'test2'),
(812, '2023-01-13 13:21:18', 'Database connected!'),
(813, '2023-01-13 13:21:25', 'admin has logged in.'),
(814, '2023-01-13 13:21:25', 'test0'),
(815, '2023-01-13 13:21:25', 'test0'),
(816, '2023-01-13 13:21:25', 'test0'),
(817, '2023-01-13 13:21:25', 'test1'),
(818, '2023-01-13 13:21:25', 'test1'),
(819, '2023-01-13 13:21:25', 'test1'),
(820, '2023-01-13 13:21:25', 'test1'),
(821, '2023-01-13 13:21:25', 'test2'),
(822, '2023-01-13 13:21:25', 'test2'),
(823, '2023-01-13 13:21:25', 'test2'),
(824, '2023-01-13 13:21:25', 'test2'),
(825, '2023-01-13 13:28:13', 'test0'),
(826, '2023-01-13 13:28:13', 'test0'),
(827, '2023-01-13 13:28:13', 'test0'),
(828, '2023-01-13 13:28:13', 'test1'),
(829, '2023-01-13 13:28:13', 'test1'),
(830, '2023-01-13 13:28:13', 'test1'),
(831, '2023-01-13 13:28:13', 'test1'),
(832, '2023-01-13 13:28:13', 'test2'),
(833, '2023-01-13 13:28:13', 'test2'),
(834, '2023-01-13 13:28:13', 'test2'),
(835, '2023-01-13 13:28:13', 'test2'),
(836, '2023-01-13 13:33:02', 'test0'),
(837, '2023-01-13 13:33:02', 'test0'),
(838, '2023-01-13 13:33:02', 'test0'),
(839, '2023-01-13 13:33:02', 'test1'),
(840, '2023-01-13 13:33:02', 'test1'),
(841, '2023-01-13 13:33:02', 'test1'),
(842, '2023-01-13 13:33:02', 'test1'),
(843, '2023-01-13 13:33:02', 'test2'),
(844, '2023-01-13 13:33:02', 'test2'),
(845, '2023-01-13 13:33:02', 'test2'),
(846, '2023-01-13 13:33:02', 'test2'),
(847, '2023-01-13 13:42:36', 'test0'),
(848, '2023-01-13 13:42:36', 'test0'),
(849, '2023-01-13 13:42:36', 'test0'),
(850, '2023-01-13 13:42:36', 'test1'),
(851, '2023-01-13 13:42:36', 'test1'),
(852, '2023-01-13 13:42:36', 'test1'),
(853, '2023-01-13 13:42:36', 'test1'),
(854, '2023-01-13 13:42:36', 'test2'),
(855, '2023-01-13 13:42:36', 'test2'),
(856, '2023-01-13 13:42:36', 'test2'),
(857, '2023-01-13 13:42:36', 'test2'),
(858, '2023-01-13 13:43:06', 'test0'),
(859, '2023-01-13 13:43:06', 'test0'),
(860, '2023-01-13 13:43:06', 'test0'),
(861, '2023-01-13 13:43:06', 'test1'),
(862, '2023-01-13 13:43:06', 'test1'),
(863, '2023-01-13 13:43:06', 'test1'),
(864, '2023-01-13 13:43:06', 'test1'),
(865, '2023-01-13 13:43:06', 'test2'),
(866, '2023-01-13 13:43:06', 'test2'),
(867, '2023-01-13 13:43:06', 'test2'),
(868, '2023-01-13 13:43:06', 'test2');

-- --------------------------------------------------------

--
-- Struktura tabeli dla tabeli `tickets`
--

CREATE TABLE `tickets` (
  `id` int(11) NOT NULL,
  `login_id` int(11) NOT NULL,
  `topic` text NOT NULL DEFAULT 'brak',
  `descr` text NOT NULL,
  `data` datetime NOT NULL,
  `status` int(11) NOT NULL DEFAULT 0,
  `priority` int(11) NOT NULL
) ENGINE=InnoDB DEFAULT CHARSET=utf8mb4;

--
-- Zrzut danych tabeli `tickets`
--

INSERT INTO `tickets` (`id`, `login_id`, `topic`, `descr`, `data`, `status`, `priority`) VALUES
(2, 0, '', 'tyitityu', '0000-00-00 00:00:00', 2, 1),
(3, 0, '', 'tgfhgf', '0000-00-00 00:00:00', 1, 0),
(4, 0, '', 'bhj', '0000-00-00 00:00:00', 1, 0),
(5, 0, '', 'yuiy', '0000-00-00 00:00:00', 1, 0),
(6, 0, '', 'ghg', '2022-12-28 13:46:37', 1, 0),
(7, 0, '', 'hj', '2022-12-28 13:57:14', 1, 0),
(9, 0, '', 'gfhfgh', '2022-12-28 14:18:43', 1, 0),
(10, 1, 'sdg', 'asdg', '2023-01-02 16:45:44', 1, 0),
(11, 1, 'dsfg', 'dfgsdf', '2023-01-02 16:47:40', 1, 0),
(12, 1, 'dfhdhfs', 'dsfhdsfhdf', '2023-01-03 08:01:19', 1, 0),
(13, 1, 'test', 'test', '2023-01-03 08:08:10', 1, 0),
(14, 1, 'tesgdfh', 'dsfhdfhdh', '2023-01-03 08:16:12', 1, 2),
(15, 1, 'dfhdhfs', 'dsfhdsfhdf', '2023-01-03 08:35:21', 1, 2),
(16, 1, 'tesgdfh', 'dsfhdsfhdf', '2023-01-03 11:47:12', 1, 1),
(17, 1, 'tesgdfh', 'dsfhdsfhdf', '2023-01-03 11:47:16', 1, 1),
(18, 1, 'tesgdfh', 'dsfhdsfhdf', '2023-01-03 11:47:20', 1, 1),
(19, 1, 'tesgdfh', 'dsfhdsfhdf', '2023-01-03 11:47:22', 1, 1),
(20, 1, 'tesgdfh', 'dsfhdsfhdf', '2023-01-03 11:47:26', 1, 1),
(21, 1, 'tesgdfh', 'dsfhdsfhdf', '2023-01-03 11:47:28', 1, 1),
(22, 1, 'tesgdfh', 'dsfhdsfhdf', '2023-01-03 11:47:29', 1, 1),
(23, 1, 'tesgdfh', 'dsfhdsfhdf', '2023-01-03 11:47:31', 1, 1),
(24, 1, 'tesgdfh', 'dsfhdsfhdf', '2023-01-03 11:47:33', 1, 1),
(25, 1, 'dfhdhfs', 'dsfhdfhdh', '2023-01-03 12:28:42', 1, 1),
(26, 1, 'dfhdhfs', 'dsfhdfhdh', '2023-01-03 12:29:11', 1, 1),
(27, 1, 'dfhdhfs', 'dsfhdfhdh', '2023-01-03 12:29:14', 1, 1),
(28, 1, 'dfhdhfs', 'dsfhdfhdh', '2023-01-03 12:29:16', 1, 1),
(29, 1, 'dfhdhfs', 'dsfhdfhdh', '2023-01-03 12:29:18', 1, 1),
(30, 1, 'dfhdhfs', 'dsfhdfhdh', '2023-01-03 12:29:19', 1, 1),
(31, 1, 'dfhdhfs', 'dsfhdfhdh', '2023-01-03 12:29:20', 1, 1),
(32, 1, 'dfhdhfs', 'dsfhdfhdh', '2023-01-03 12:29:22', 1, 1),
(33, 1, 'dfhdhfs', 'dsfhdfhdh', '2023-01-03 12:29:24', 1, 1),
(34, 1, 'dfhdhfs', 'dsfhdfhdh', '2023-01-03 12:29:25', 1, 1),
(35, 1, 'dfhdhfs', 'dsfhdfhdh', '2023-01-03 12:29:27', 1, 1),
(36, 1, 'dfhdhfs', 'dsfhdfhdh', '2023-01-03 12:29:28', 1, 1),
(37, 1, 'dfhdhfs', 'dsfhdfhdh', '2023-01-03 12:29:29', 1, 1),
(38, 1, 'dfhdhfs', 'dsfhdfhdh', '2023-01-03 12:29:31', 1, 1),
(39, 1, 'dfhdhfs', 'dsfhdfhdh', '2023-01-03 12:29:32', 1, 1),
(40, 1, 'dfhdhfs', 'dsfhdfhdh', '2023-01-03 12:29:34', 1, 1),
(41, 1, 'dfhdhfs', 'dsfhdfhdh', '2023-01-03 12:29:35', 1, 1),
(42, 1, 'dfhdhfs', 'dsfhdfhdh', '2023-01-03 12:29:37', 1, 1),
(43, 1, 'dfhdhfs', 'dsfhdfhdh', '2023-01-03 12:29:38', 1, 1),
(44, 1, 'dfhdhfs', 'dsfhdfhdh', '2023-01-03 12:29:40', 1, 1),
(45, 1, 'dsfh', 'fgjd', '2023-01-03 12:32:18', 1, 1),
(46, 1, 'dsfh', 'fgjd', '2023-01-03 12:33:10', 1, 1),
(47, 1, 'dfhdhfs', 'dsfhdfhdh', '2023-01-03 14:09:58', 1, 1),
(48, 1, 'Problem z komputerem', 'Komputer sie nie uruchamia', '2023-01-04 11:58:20', 0, 0),
(49, 1, 'cos tam', 'halo', '2023-01-04 12:08:39', 0, 1),
(50, 1, 'halo', 'cos tam', '2023-01-04 12:09:02', 0, 2),
(51, 2, 'admin', 'admin', '2023-01-12 10:44:28', 0, 0),
(52, 2, 'test2', 'test', '2023-01-12 11:36:24', 0, 0),
(53, 2, 'test3', 'test', '2023-01-12 11:50:52', 0, 0),
(54, 1, 'tesgdfh', 'sdfgsdfg', '2023-01-12 12:04:59', 0, 0),
(55, 1, 'testsetsetestset', 'etsetestestest', '2023-01-12 12:05:33', 0, 0),
(56, 2, 'tiuf', 'gygyg', '2023-01-12 12:30:18', 3, 2),
(57, 2, 'sprawdziac', 'ale o co chodzi', '2023-01-13 12:30:40', 0, 1);

--
-- Indeksy dla zrzutów tabel
--

--
-- Indeksy dla tabeli `comment`
--
ALTER TABLE `comment`
  ADD PRIMARY KEY (`id`);

--
-- Indeksy dla tabeli `config_dept`
--
ALTER TABLE `config_dept`
  ADD PRIMARY KEY (`id`);

--
-- Indeksy dla tabeli `config_priority`
--
ALTER TABLE `config_priority`
  ADD PRIMARY KEY (`id`);

--
-- Indeksy dla tabeli `config_status`
--
ALTER TABLE `config_status`
  ADD PRIMARY KEY (`id`);

--
-- Indeksy dla tabeli `login`
--
ALTER TABLE `login`
  ADD PRIMARY KEY (`id`);

--
-- Indeksy dla tabeli `logs`
--
ALTER TABLE `logs`
  ADD PRIMARY KEY (`id`);

--
-- Indeksy dla tabeli `tickets`
--
ALTER TABLE `tickets`
  ADD PRIMARY KEY (`id`);

--
-- AUTO_INCREMENT dla zrzuconych tabel
--

--
-- AUTO_INCREMENT dla tabeli `comment`
--
ALTER TABLE `comment`
  MODIFY `id` int(11) NOT NULL AUTO_INCREMENT, AUTO_INCREMENT=32;

--
-- AUTO_INCREMENT dla tabeli `config_dept`
--
ALTER TABLE `config_dept`
  MODIFY `id` int(11) NOT NULL AUTO_INCREMENT, AUTO_INCREMENT=5;

--
-- AUTO_INCREMENT dla tabeli `config_priority`
--
ALTER TABLE `config_priority`
  MODIFY `id` int(11) NOT NULL AUTO_INCREMENT, AUTO_INCREMENT=4;

--
-- AUTO_INCREMENT dla tabeli `config_status`
--
ALTER TABLE `config_status`
  MODIFY `id` int(11) NOT NULL AUTO_INCREMENT, AUTO_INCREMENT=5;

--
-- AUTO_INCREMENT dla tabeli `login`
--
ALTER TABLE `login`
  MODIFY `id` int(11) NOT NULL AUTO_INCREMENT, AUTO_INCREMENT=3;

--
-- AUTO_INCREMENT dla tabeli `logs`
--
ALTER TABLE `logs`
  MODIFY `id` int(11) NOT NULL AUTO_INCREMENT, AUTO_INCREMENT=869;

--
-- AUTO_INCREMENT dla tabeli `tickets`
--
ALTER TABLE `tickets`
  MODIFY `id` int(11) NOT NULL AUTO_INCREMENT, AUTO_INCREMENT=58;
COMMIT;

/*!40101 SET CHARACTER_SET_CLIENT=@OLD_CHARACTER_SET_CLIENT */;
/*!40101 SET CHARACTER_SET_RESULTS=@OLD_CHARACTER_SET_RESULTS */;
/*!40101 SET COLLATION_CONNECTION=@OLD_COLLATION_CONNECTION */;
