-- phpMyAdmin SQL Dump
-- version 5.2.0
-- https://www.phpmyadmin.net/
--
-- Host: 127.0.0.1
-- Czas generowania: 20 Sty 2023, 12:22
-- Wersja serwera: 10.4.24-MariaDB
-- Wersja PHP: 8.1.6

SET SQL_MODE = "NO_AUTO_VALUE_ON_ZERO";
START TRANSACTION;
SET time_zone = "+00:00";


/*!40101 SET @OLD_CHARACTER_SET_CLIENT=@@CHARACTER_SET_CLIENT */;
/*!40101 SET @OLD_CHARACTER_SET_RESULTS=@@CHARACTER_SET_RESULTS */;
/*!40101 SET @OLD_COLLATION_CONNECTION=@@COLLATION_CONNECTION */;
/*!40101 SET NAMES utf8mb4 */;

--
-- Baza danych: `helpdesk`
--

-- --------------------------------------------------------

--
-- Struktura tabeli dla tabeli `comment`
--

CREATE TABLE `comment` (
  `id` int(11) NOT NULL,
  `com` text NOT NULL,
  `login_id` int(11) NOT NULL,
  `ticket_id` int(11) NOT NULL,
  `data` datetime NOT NULL
) ENGINE=InnoDB DEFAULT CHARSET=utf8mb4;

--
-- Zrzut danych tabeli `comment`
--

INSERT INTO `comment` (`id`, `com`, `login_id`, `ticket_id`, `data`) VALUES
(1, 'nowy komentaz', 1, 49, '2023-01-11 11:47:16'),
(2, 'fgdhdfgh', 1, 49, '2023-01-11 13:00:01'),
(3, 'sadgsdg', 1, 49, '2023-01-11 13:55:47'),
(4, 'nie wiem', 1, 50, '2023-01-11 13:56:01'),
(5, 'a może wiem', 1, 50, '2023-01-11 13:56:35'),
(6, 'sdfasd', 2, 51, '2023-01-12 10:44:36'),
(7, 'dfgdfg', 1, 54, '2023-01-12 12:27:00'),
(8, 'ghjvgh', 1, 54, '2023-01-12 12:27:03'),
(9, 'hjlkj', 1, 54, '2023-01-12 12:27:07'),
(10, 'halo', 1, 55, '2023-01-12 12:27:21'),
(11, 'test sesji', 2, 55, '2023-01-12 12:28:24'),
(12, 'test 2', 2, 55, '2023-01-12 12:28:32'),
(13, 'test sessesesse', 2, 55, '2023-01-12 12:29:10'),
(14, 'test sa', 2, 55, '2023-01-12 12:38:55'),
(15, 'rtdt', 1, 55, '2023-01-12 12:39:04'),
(16, 'rertretretretre', 2, 55, '2023-01-12 12:39:43'),
(17, 'sdfsdf', 1, 55, '2023-01-12 12:43:22'),
(18, 'sdfgdfsg', 2, 55, '2023-01-12 12:47:46'),
(19, 'test', 1, 55, '2023-01-12 12:59:02'),
(20, 'halo', 1, 55, '2023-01-12 12:59:51'),
(21, 'sdfgs', 1, 55, '2023-01-12 13:00:06'),
(22, 'sdfg', 2, 55, '2023-01-12 13:00:08'),
(23, 'sdfgsdfg', 2, 55, '2023-01-12 13:00:15'),
(24, 'sdfgs', 1, 55, '2023-01-12 13:00:36'),
(25, 'sdfg', 2, 55, '2023-01-12 13:00:41'),
(26, 'sdfg', 2, 55, '2023-01-12 13:00:47'),
(27, 'asdfasdf', 2, 55, '2023-01-12 13:01:59'),
(28, '1', 2, 55, '2023-01-12 13:02:04'),
(29, 's', 2, 55, '2023-01-12 13:02:09'),
(30, 'sdfgdsf', 2, 56, '2023-01-13 11:27:48'),
(31, 'gsdfgsdfg', 2, 56, '2023-01-13 11:27:58');

-- --------------------------------------------------------

--
-- Struktura tabeli dla tabeli `config_dept`
--

CREATE TABLE `config_dept` (
  `id` int(11) NOT NULL,
  `value` text NOT NULL
) ENGINE=InnoDB DEFAULT CHARSET=utf8mb4;

--
-- Zrzut danych tabeli `config_dept`
--

INSERT INTO `config_dept` (`id`, `value`) VALUES
(1, 'HR'),
(2, 'IT'),
(3, 'Sprzedaż'),
(4, 'Produkcja');

-- --------------------------------------------------------

--
-- Struktura tabeli dla tabeli `config_priority`
--

CREATE TABLE `config_priority` (
  `id` int(11) NOT NULL,
  `value` text NOT NULL
) ENGINE=InnoDB DEFAULT CHARSET=utf8mb4;

--
-- Zrzut danych tabeli `config_priority`
--

INSERT INTO `config_priority` (`id`, `value`) VALUES
(1, 'Niski'),
(2, 'Normalny'),
(3, 'Wysoki');

-- --------------------------------------------------------

--
-- Struktura tabeli dla tabeli `config_status`
--

CREATE TABLE `config_status` (
  `id` int(11) NOT NULL,
  `value` text NOT NULL
) ENGINE=InnoDB DEFAULT CHARSET=utf8mb4;

--
-- Zrzut danych tabeli `config_status`
--

INSERT INTO `config_status` (`id`, `value`) VALUES
(1, 'Nowy'),
(2, 'Potwierdzony'),
(3, 'Wstrzymany'),
(4, 'Rozwiązany');

-- --------------------------------------------------------

--
-- Struktura tabeli dla tabeli `login`
--

CREATE TABLE `login` (
  `id` int(11) NOT NULL,
  `name` varchar(100) NOT NULL,
  `email` varchar(100) NOT NULL,
  `password` varchar(255) NOT NULL,
  `lvl` int(11) NOT NULL DEFAULT 1,
  `dept` int(11) NOT NULL
) ENGINE=InnoDB DEFAULT CHARSET=utf8mb4;

--
-- Zrzut danych tabeli `login`
--

INSERT INTO `login` (`id`, `name`, `email`, `password`, `lvl`, `dept`) VALUES
(1, 'test', 'test@test.com', '$2b$10$AlwIU/8huZF8gCzri7MlNu.F1LeJANeMNdqk4Sdn929K1pffOm9ZW', 1, 0),
(2, 'admin', 'admin@test.com', '$2b$10$AlwIU/8huZF8gCzri7MlNu.F1LeJANeMNdqk4Sdn929K1pffOm9ZW', 2, 1),
(7, 'grzesiek', 'grzesiek@test.com', '$2b$10$aLIlV2YB3Zz7yFtrVxRekO.zAHApETFq9y82skyoqk0jTxvREe6f2', 2, 2),
(8, 'mateusz', 'mateusz@test.com', '$2b$10$J.TmYy5ZjZChXOv5s1Lih.uo9ny6kqIRVIfj8HJ3IehTR7UWCA.W2', 1, 2),
(9, 'test', 'test5@test.com', '$2b$10$EtxUifi8DUQbmEHgaXZOcudkL7xg4ylyzbZYPmwimrB.Zpdz8/NeC', 1, 1),
(10, 'test', 'test45@test.com', '$2b$10$GdR4iF1Z6MWQaA/WmYFWvunVGR5nH62UoBwUEw.kLIJ9i/DzzHlRu', 1, 1),
(11, 'test324', 'test324@test.com', '$2b$10$Mf9XhKPeOZngUrgN7S6JKetwUrT0sIMSnak.lsiikf7t.d7ADXmoe', 1, 1);

-- --------------------------------------------------------

--
-- Struktura tabeli dla tabeli `logs`
--

CREATE TABLE `logs` (
  `id` int(11) NOT NULL,
  `data` datetime NOT NULL,
  `tresc` text NOT NULL
) ENGINE=InnoDB DEFAULT CHARSET=utf8mb4;

--
-- Zrzut danych tabeli `logs`
--

INSERT INTO `logs` (`id`, `data`, `tresc`) VALUES
(26, '2022-12-29 12:05:55', 'Database connected!'),
(27, '2022-12-29 12:43:27', 'Database connected!'),
(28, '2022-12-29 12:43:35', 'test has logged in.'),
(29, '2022-12-29 12:43:55', 'Database connected!'),
(30, '2022-12-29 12:44:11', 'test has logged in.'),
(31, '2022-12-29 12:55:48', 'Database connected!'),
(32, '2022-12-29 12:55:53', 'undefined'),
(33, '2022-12-29 12:56:02', 'test has logged in.'),
(34, '2022-12-29 12:56:02', 'test@test.com'),
(35, '2022-12-29 12:56:17', 'admin has logged in.'),
(36, '2022-12-29 12:56:17', 'admin@test.com'),
(37, '2022-12-29 13:00:14', 'Database connected!'),
(38, '2022-12-29 13:00:19', 'test has logged in.'),
(39, '2022-12-29 13:00:19', 'test@test.com'),
(40, '2022-12-29 14:29:15', 'Database connected!'),
(41, '2022-12-29 14:29:21', 'admin has logged in.'),
(42, '2022-12-30 10:29:32', 'Database connected!'),
(43, '2022-12-30 10:29:43', 'test has logged in.'),
(44, '2022-12-30 11:16:05', 'Database connected!'),
(45, '2022-12-30 11:16:12', 'test has logged in.'),
(46, '2022-12-30 11:16:15', 'test home'),
(47, '2022-12-30 11:16:17', 'test home'),
(48, '2022-12-30 11:16:18', 'test home'),
(49, '2022-12-30 11:16:18', 'test home'),
(50, '2022-12-30 11:16:18', 'test home'),
(51, '2022-12-30 11:16:18', 'test home'),
(52, '2022-12-30 11:18:39', 'test home'),
(53, '2022-12-30 11:18:39', 'test home'),
(54, '2022-12-30 11:18:40', 'test home'),
(55, '2022-12-30 11:18:41', 'test home'),
(56, '2022-12-30 11:18:41', 'test home'),
(57, '2022-12-30 11:18:41', 'test home'),
(58, '2022-12-30 11:18:41', 'test home'),
(59, '2022-12-30 11:18:41', 'test home'),
(60, '2022-12-30 11:20:15', 'test home'),
(61, '2022-12-30 11:20:16', 'test home'),
(62, '2022-12-30 11:20:16', 'test home'),
(63, '2022-12-30 11:20:49', 'test home'),
(64, '2022-12-30 11:20:50', 'test home'),
(65, '2022-12-30 11:20:51', 'test home'),
(66, '2022-12-30 11:20:51', 'test home'),
(67, '2022-12-30 11:20:51', 'test home'),
(68, '2022-12-30 11:20:52', 'test home'),
(69, '2022-12-30 11:21:07', 'test home'),
(70, '2022-12-30 11:21:07', 'test home'),
(71, '2022-12-30 11:21:07', 'test home'),
(72, '2022-12-30 11:21:08', 'test home'),
(73, '2022-12-30 11:21:08', 'test home'),
(74, '2022-12-30 11:21:09', 'test home'),
(75, '2022-12-30 11:21:09', 'test home'),
(76, '2022-12-30 11:21:10', 'test home'),
(77, '2022-12-30 11:21:10', 'test home'),
(78, '2022-12-30 11:21:40', 'Database connected!'),
(79, '2022-12-30 11:21:46', 'test has logged in.'),
(80, '2022-12-30 11:21:50', 'test home'),
(81, '2022-12-30 11:21:52', 'test home'),
(82, '2022-12-30 11:21:52', 'test home'),
(83, '2022-12-30 11:21:52', 'test home'),
(84, '2022-12-30 11:21:53', 'test home'),
(85, '2022-12-30 11:21:53', 'test home'),
(86, '2022-12-30 11:21:53', 'test home'),
(87, '2022-12-30 11:22:17', 'test home'),
(88, '2022-12-30 11:22:17', 'test home'),
(89, '2022-12-30 11:22:17', 'test home'),
(90, '2022-12-30 11:22:18', 'test home'),
(91, '2022-12-30 11:22:18', 'test home'),
(92, '2022-12-30 11:22:51', 'test home'),
(93, '2022-12-30 11:23:15', 'test home'),
(94, '2022-12-30 11:32:59', 'test home'),
(95, '2022-12-30 11:34:15', 'test home'),
(96, '2022-12-30 11:34:23', 'test home'),
(97, '2022-12-30 11:34:25', 'test home'),
(98, '2022-12-30 11:34:36', 'test home'),
(99, '2022-12-30 11:34:37', 'test home'),
(100, '2022-12-30 11:34:37', 'test home'),
(101, '2022-12-30 11:34:38', 'test home'),
(102, '2022-12-30 11:34:38', 'test home'),
(103, '2022-12-30 11:34:38', 'test home'),
(104, '2022-12-30 11:34:38', 'test home'),
(105, '2022-12-30 11:34:38', 'test home'),
(106, '2022-12-30 11:34:38', 'test home'),
(107, '2022-12-30 11:34:39', 'test home'),
(108, '2022-12-30 11:34:39', 'test home'),
(109, '2022-12-30 11:34:39', 'test home'),
(110, '2022-12-30 11:34:39', 'test home'),
(111, '2022-12-30 11:34:39', 'test home'),
(112, '2022-12-30 11:34:40', 'test home'),
(113, '2022-12-30 11:34:40', 'test home'),
(114, '2022-12-30 11:34:40', 'test home'),
(115, '2022-12-30 11:34:40', 'test home'),
(116, '2022-12-30 11:34:40', 'test home'),
(117, '2022-12-30 11:34:40', 'test home'),
(118, '2022-12-30 11:34:41', 'test home'),
(119, '2022-12-30 11:34:41', 'test home'),
(120, '2022-12-30 11:38:47', 'test home'),
(121, '2022-12-30 11:38:47', 'test home'),
(122, '2022-12-30 11:38:47', 'test home'),
(123, '2022-12-30 11:38:47', 'test home'),
(124, '2022-12-30 11:38:47', 'test home'),
(125, '2022-12-30 11:38:48', 'test home'),
(126, '2022-12-30 11:38:48', 'test home'),
(127, '2022-12-30 11:38:48', 'test home'),
(128, '2022-12-30 11:38:48', 'test home'),
(129, '2022-12-30 11:38:48', 'test home'),
(130, '2022-12-30 11:38:49', 'test home'),
(131, '2022-12-30 11:38:49', 'test home'),
(132, '2022-12-30 11:38:49', 'test home'),
(133, '2022-12-30 11:38:49', 'test home'),
(134, '2022-12-30 11:38:49', 'test home'),
(135, '2022-12-30 11:38:50', 'test home'),
(136, '2022-12-30 11:38:50', 'test home'),
(137, '2022-12-30 11:38:50', 'test home'),
(138, '2022-12-30 11:38:50', 'test home'),
(139, '2022-12-30 11:38:50', 'test home'),
(140, '2022-12-30 11:38:51', 'test home'),
(141, '2022-12-30 11:38:51', 'test home'),
(142, '2022-12-30 11:38:51', 'test home'),
(143, '2022-12-30 11:38:51', 'test home'),
(144, '2022-12-30 11:38:52', 'test home'),
(145, '2022-12-30 11:38:52', 'test home'),
(146, '2022-12-30 11:38:52', 'test home'),
(147, '2022-12-30 11:38:52', 'test home'),
(148, '2022-12-30 11:38:52', 'test home'),
(149, '2022-12-30 11:38:53', 'test home'),
(150, '2022-12-30 11:38:53', 'test home'),
(151, '2022-12-30 11:38:53', 'test home'),
(152, '2022-12-30 11:38:58', 'test home'),
(153, '2022-12-30 11:38:58', 'test home'),
(154, '2022-12-30 11:38:58', 'test home'),
(155, '2022-12-30 11:38:59', 'test home'),
(156, '2022-12-30 11:38:59', 'test home'),
(157, '2022-12-30 11:38:59', 'test home'),
(158, '2022-12-30 11:38:59', 'test home'),
(159, '2022-12-30 11:38:59', 'test home'),
(160, '2022-12-30 11:39:00', 'test home'),
(161, '2022-12-30 11:39:00', 'test home'),
(162, '2022-12-30 11:39:00', 'test home'),
(163, '2022-12-30 11:39:00', 'test home'),
(164, '2022-12-30 11:39:01', 'test home'),
(165, '2022-12-30 11:39:01', 'test home'),
(166, '2022-12-30 11:39:01', 'test home'),
(167, '2022-12-30 11:39:01', 'test home'),
(168, '2022-12-30 11:39:02', 'test home'),
(169, '2022-12-30 12:10:37', 'Database connected!'),
(170, '2022-12-30 12:10:47', 'test has logged in.'),
(171, '2022-12-30 12:11:12', 'Database connected!'),
(172, '2022-12-30 12:11:23', 'test has logged in.'),
(173, '2022-12-30 12:13:23', 'Database connected!'),
(174, '2022-12-30 12:13:29', 'test has logged in.'),
(175, '2022-12-30 12:13:33', 'test@test.comhas log out'),
(176, '2022-12-30 12:16:46', 'Database connected!'),
(177, '2022-12-30 12:16:52', 'test has logged in.'),
(178, '2022-12-30 12:18:13', 'Database connected!'),
(179, '2022-12-30 12:18:28', 'Database connected!'),
(180, '2022-12-30 12:18:37', 'test has logged in.'),
(181, '2022-12-30 12:18:41', 'test@test.comhas log out'),
(182, '2022-12-30 12:18:54', 'Database connected!'),
(183, '2022-12-30 12:19:04', 'test has logged in.'),
(184, '2022-12-30 12:19:07', 'test@test.comhas log out'),
(185, '2022-12-30 12:19:32', 'Database connected!'),
(186, '2022-12-30 12:19:43', 'test has logged in.'),
(187, '2022-12-30 12:19:47', 'test@test.comhas log out'),
(188, '2022-12-30 12:20:37', 'Database connected!'),
(189, '2022-12-30 12:20:43', 'test has logged in.'),
(190, '2022-12-30 12:20:47', 'test@test.comhas log out'),
(191, '0000-00-00 00:00:00', 'Database connected!'),
(192, '0000-00-00 00:00:00', 'Database connected!'),
(193, '0000-00-00 00:00:00', 'Database connected!'),
(194, '0000-00-00 00:00:00', 'Database connected!'),
(195, '2023-01-02 10:56:29', 'Database connected!'),
(196, '2023-01-02 10:59:09', 'Database connected!'),
(197, '2023-01-02 10:59:13', 'test has logged in.'),
(198, '2023-01-02 11:27:01', 'Database connected!'),
(199, '2023-01-02 11:27:08', 'test has logged in.'),
(200, '2023-01-02 11:30:51', 'Database connected!'),
(201, '2023-01-02 11:34:14', 'Database connected!'),
(202, '2023-01-02 11:37:04', 'test has logged in.'),
(203, '2023-01-02 11:49:28', 'Database connected!'),
(204, '2023-01-02 11:49:37', 'admin has logged in.'),
(205, '2023-01-02 11:50:41', 'Database connected!'),
(206, '2023-01-02 11:50:53', 'admin has logged in.'),
(207, '2023-01-02 11:52:59', 'Database connected!'),
(208, '2023-01-02 11:53:14', 'admin has logged in.'),
(209, '2023-01-02 11:53:56', 'test has logged in.'),
(210, '2023-01-02 12:07:23', 'Database connected!'),
(211, '2023-01-02 12:07:29', 'test has logged in.'),
(212, '2023-01-02 16:12:08', 'Database connected!'),
(213, '2023-01-02 16:12:16', 'test has logged in.'),
(214, '2023-01-02 16:19:51', 'Database connected!'),
(215, '2023-01-02 16:20:04', 'test has logged in.'),
(216, '2023-01-02 16:20:46', 'test '),
(217, '2023-01-02 16:20:50', 'test test'),
(218, '2023-01-02 16:20:51', 'test test'),
(219, '2023-01-02 16:21:44', 'Database connected!'),
(220, '2023-01-02 16:26:46', 'Database connected!'),
(221, '2023-01-02 16:26:51', 'test has logged in.'),
(222, '2023-01-02 16:26:57', 'test test'),
(223, '2023-01-02 16:27:05', 'Database connected!'),
(224, '2023-01-02 16:27:15', 'test has logged in.'),
(225, '2023-01-02 16:27:21', 'test test'),
(226, '2023-01-02 16:28:29', 'Database connected!'),
(227, '2023-01-02 16:28:41', 'test has logged in.'),
(228, '2023-01-02 16:28:47', 'test test'),
(229, '2023-01-02 16:31:42', 'Database connected!'),
(230, '2023-01-02 16:31:51', 'test has logged in.'),
(231, '2023-01-02 16:31:57', 'test test'),
(232, '2023-01-02 16:34:03', 'Database connected!'),
(233, '2023-01-02 16:34:14', 'test has logged in.'),
(234, '2023-01-02 16:34:20', 'test test'),
(235, '2023-01-02 16:35:36', 'Database connected!'),
(236, '2023-01-02 16:35:44', 'test has logged in.'),
(237, '2023-01-02 16:35:48', 'test test'),
(238, '2023-01-02 16:38:06', 'Database connected!'),
(239, '2023-01-02 16:38:12', 'test has logged in.'),
(240, '2023-01-02 16:38:17', 'dfsg sdfgd'),
(241, '2023-01-02 16:40:02', 'Database connected!'),
(242, '2023-01-02 16:40:09', 'test has logged in.'),
(243, '2023-01-02 16:40:13', 'asg sdag'),
(244, '2023-01-02 16:45:31', 'Database connected!'),
(245, '2023-01-02 16:45:41', 'test has logged in.'),
(246, '2023-01-02 16:45:44', 'sdg asdg'),
(247, '2023-01-02 16:45:44', 'ticket inserted'),
(248, '2023-01-02 16:47:29', 'Database connected!'),
(249, '2023-01-02 16:47:37', 'test has logged in.'),
(250, '2023-01-02 16:47:40', 'dsfg dfgsdf'),
(251, '2023-01-02 16:47:40', 'ticket inserted'),
(252, '2023-01-03 08:01:02', 'Database connected!'),
(253, '2023-01-03 08:01:10', 'test has logged in.'),
(254, '2023-01-03 08:01:19', 'dfhdhfs dsfhdsfhdf'),
(255, '2023-01-03 08:01:19', 'ticket inserted'),
(256, '2023-01-03 08:07:59', 'Database connected!'),
(257, '2023-01-03 08:08:06', 'test has logged in.'),
(258, '2023-01-03 08:08:10', 'ticket inserted'),
(259, '2023-01-03 08:15:58', 'Database connected!'),
(260, '2023-01-03 08:16:03', 'test has logged in.'),
(261, '2023-01-03 08:16:12', 'ticket inserted'),
(262, '2023-01-03 08:24:13', 'test has logged in.'),
(263, '2023-01-03 08:35:21', 'ticket inserted'),
(264, '2023-01-03 08:56:45', 'Database connected!'),
(265, '2023-01-03 08:56:50', 'test has logged in.'),
(266, '2023-01-03 09:03:08', 'Database connected!'),
(267, '2023-01-03 09:03:14', 'test has logged in.'),
(268, '2023-01-03 09:06:32', 'Database connected!'),
(269, '2023-01-03 09:06:37', 'test has logged in.'),
(270, '2023-01-03 11:43:13', 'Database connected!'),
(271, '2023-01-03 11:43:20', 'test has logged in.'),
(272, '2023-01-03 11:43:30', 'Database connected!'),
(273, '2023-01-03 11:43:43', 'test has logged in.'),
(274, '2023-01-03 11:44:26', 'Database connected!'),
(275, '2023-01-03 11:44:34', 'test has logged in.'),
(276, '2023-01-03 11:45:30', 'Database connected!'),
(277, '2023-01-03 11:45:37', 'test has logged in.'),
(278, '2023-01-03 11:47:12', 'ticket inserted'),
(279, '2023-01-03 11:47:16', 'ticket inserted'),
(280, '2023-01-03 11:47:20', 'ticket inserted'),
(281, '2023-01-03 11:47:22', 'ticket inserted'),
(282, '2023-01-03 11:47:26', 'ticket inserted'),
(283, '2023-01-03 11:47:28', 'ticket inserted'),
(284, '2023-01-03 11:47:29', 'ticket inserted'),
(285, '2023-01-03 11:47:31', 'ticket inserted'),
(286, '2023-01-03 11:47:33', 'ticket inserted'),
(287, '2023-01-03 12:11:02', 'Database connected!'),
(288, '2023-01-03 12:11:17', 'test has logged in.'),
(289, '2023-01-03 12:12:27', 'Database connected!'),
(290, '2023-01-03 12:12:34', 'test has logged in.'),
(291, '2023-01-03 12:13:06', 'Database connected!'),
(292, '2023-01-03 12:13:12', 'test has logged in.'),
(293, '2023-01-03 12:14:05', 'Database connected!'),
(294, '2023-01-03 12:14:11', 'test has logged in.'),
(295, '2023-01-03 12:14:16', 'next page'),
(296, '2023-01-03 12:14:17', 'next page'),
(297, '2023-01-03 12:14:18', 'next page'),
(298, '2023-01-03 12:14:18', 'next page'),
(299, '2023-01-03 12:14:19', 'next page'),
(300, '2023-01-03 12:14:19', 'next page'),
(301, '2023-01-03 12:14:34', 'next page'),
(302, '2023-01-03 12:15:58', 'next page'),
(303, '2023-01-03 12:16:00', 'next page'),
(304, '2023-01-03 12:16:05', 'next page'),
(305, '2023-01-03 12:16:05', 'next page'),
(306, '2023-01-03 12:16:50', 'next page'),
(307, '2023-01-03 12:16:51', 'next page'),
(308, '2023-01-03 12:16:59', 'next page'),
(309, '2023-01-03 12:17:04', 'next page'),
(310, '2023-01-03 12:17:58', 'Database connected!'),
(311, '2023-01-03 12:18:07', 'test has logged in.'),
(312, '2023-01-03 12:18:13', 'next page'),
(313, '2023-01-03 12:18:13', 'NaN'),
(314, '2023-01-03 12:18:54', 'Database connected!'),
(315, '2023-01-03 12:18:58', 'test has logged in.'),
(316, '2023-01-03 12:19:02', 'next page'),
(317, '2023-01-03 12:19:02', '-1'),
(318, '2023-01-03 12:19:04', 'next page'),
(319, '2023-01-03 12:19:04', '-1'),
(320, '2023-01-03 12:19:06', 'next page'),
(321, '2023-01-03 12:19:06', '-1'),
(322, '2023-01-03 12:19:06', 'next page'),
(323, '2023-01-03 12:19:06', '-1'),
(324, '2023-01-03 12:19:07', 'next page'),
(325, '2023-01-03 12:19:07', '-1'),
(326, '2023-01-03 12:19:08', 'next page'),
(327, '2023-01-03 12:19:08', '1'),
(328, '2023-01-03 12:19:09', 'next page'),
(329, '2023-01-03 12:19:09', '2'),
(330, '2023-01-03 12:19:12', 'next page'),
(331, '2023-01-03 12:19:12', '3'),
(332, '2023-01-03 12:19:14', 'next page'),
(333, '2023-01-03 12:19:14', '2.5'),
(334, '2023-01-03 12:19:14', 'next page'),
(335, '2023-01-03 12:19:14', '3.5'),
(336, '2023-01-03 12:19:15', 'next page'),
(337, '2023-01-03 12:19:15', '2.5'),
(338, '2023-01-03 12:19:16', 'next page'),
(339, '2023-01-03 12:19:16', '3.5'),
(340, '2023-01-03 12:19:17', 'next page'),
(341, '2023-01-03 12:19:17', '2.5'),
(342, '2023-01-03 12:19:18', 'next page'),
(343, '2023-01-03 12:19:18', '3.5'),
(344, '2023-01-03 12:19:19', 'next page'),
(345, '2023-01-03 12:19:19', '2.5'),
(346, '2023-01-03 12:19:20', 'next page'),
(347, '2023-01-03 12:19:20', '3.5'),
(348, '2023-01-03 12:19:20', 'next page'),
(349, '2023-01-03 12:19:20', '2.5'),
(350, '2023-01-03 12:19:21', 'next page'),
(351, '2023-01-03 12:19:21', '3.5'),
(352, '2023-01-03 12:19:22', 'next page'),
(353, '2023-01-03 12:19:22', '2.5'),
(354, '2023-01-03 12:19:23', 'next page'),
(355, '2023-01-03 12:19:23', '3.5'),
(356, '2023-01-03 12:19:24', 'next page'),
(357, '2023-01-03 12:19:24', '2.5'),
(358, '2023-01-03 12:19:26', 'next page'),
(359, '2023-01-03 12:19:26', '1.5'),
(360, '2023-01-03 12:19:27', 'next page'),
(361, '2023-01-03 12:19:27', '0.5'),
(362, '2023-01-03 12:19:29', 'next page'),
(363, '2023-01-03 12:19:29', '-0.5'),
(364, '2023-01-03 12:19:30', 'next page'),
(365, '2023-01-03 12:19:30', '1'),
(366, '2023-01-03 12:19:32', 'next page'),
(367, '2023-01-03 12:19:32', '0'),
(368, '2023-01-03 12:21:46', 'next page'),
(369, '2023-01-03 12:21:46', '-1'),
(370, '2023-01-03 12:21:48', 'next page'),
(371, '2023-01-03 12:21:48', '1'),
(372, '2023-01-03 12:21:50', 'next page'),
(373, '2023-01-03 12:21:50', '2'),
(374, '2023-01-03 12:21:51', 'next page'),
(375, '2023-01-03 12:21:51', '1'),
(376, '2023-01-03 12:21:52', 'next page'),
(377, '2023-01-03 12:21:52', '0'),
(378, '2023-01-03 12:21:53', 'next page'),
(379, '2023-01-03 12:21:53', '-1'),
(380, '2023-01-03 12:21:54', 'next page'),
(381, '2023-01-03 12:21:54', '-1'),
(382, '2023-01-03 12:22:23', 'Database connected!'),
(383, '2023-01-03 12:22:31', 'test has logged in.'),
(384, '2023-01-03 12:22:37', 'next page'),
(385, '2023-01-03 12:22:37', '-1'),
(386, '2023-01-03 12:22:38', 'next page'),
(387, '2023-01-03 12:22:38', '1'),
(388, '2023-01-03 12:22:41', 'next page'),
(389, '2023-01-03 12:22:41', '2'),
(390, '2023-01-03 12:22:42', 'next page'),
(391, '2023-01-03 12:22:42', '2.5'),
(392, '2023-01-03 12:22:44', 'next page'),
(393, '2023-01-03 12:22:44', '2.5'),
(394, '2023-01-03 12:22:44', 'next page'),
(395, '2023-01-03 12:22:44', '2.5'),
(396, '2023-01-03 12:22:45', 'next page'),
(397, '2023-01-03 12:22:45', '2.5'),
(398, '2023-01-03 12:22:46', 'next page'),
(399, '2023-01-03 12:22:46', '0.5'),
(400, '2023-01-03 12:22:48', 'next page'),
(401, '2023-01-03 12:22:48', '-0.5'),
(402, '2023-01-03 12:22:50', 'next page'),
(403, '2023-01-03 12:22:50', '-1'),
(404, '2023-01-03 12:22:51', 'next page'),
(405, '2023-01-03 12:22:51', '1'),
(406, '2023-01-03 12:24:36', 'Database connected!'),
(407, '2023-01-03 12:24:40', 'test has logged in.'),
(408, '2023-01-03 12:24:46', 'next page'),
(409, '2023-01-03 12:24:46', '-1'),
(410, '2023-01-03 12:24:48', 'next page'),
(411, '2023-01-03 12:24:48', '1'),
(412, '2023-01-03 12:24:49', 'next page'),
(413, '2023-01-03 12:24:49', '2'),
(414, '2023-01-03 12:24:51', 'next page'),
(415, '2023-01-03 12:24:51', '2'),
(416, '2023-01-03 12:24:52', 'next page'),
(417, '2023-01-03 12:24:52', '2'),
(418, '2023-01-03 12:24:54', 'next page'),
(419, '2023-01-03 12:24:54', '0'),
(420, '2023-01-03 12:24:55', 'next page'),
(421, '2023-01-03 12:24:55', '-1'),
(422, '2023-01-03 12:24:55', 'next page'),
(423, '2023-01-03 12:24:55', '1'),
(424, '2023-01-03 12:24:56', 'next page'),
(425, '2023-01-03 12:24:56', '2'),
(426, '2023-01-03 12:24:57', 'next page'),
(427, '2023-01-03 12:24:57', '2'),
(428, '2023-01-03 12:24:57', 'next page'),
(429, '2023-01-03 12:24:57', '0'),
(430, '2023-01-03 12:24:58', 'next page'),
(431, '2023-01-03 12:24:58', '-1'),
(432, '2023-01-03 12:24:59', 'next page'),
(433, '2023-01-03 12:24:59', '1'),
(434, '2023-01-03 12:26:47', 'Database connected!'),
(435, '2023-01-03 12:26:52', 'test has logged in.'),
(436, '2023-01-03 12:27:02', 'next page'),
(437, '2023-01-03 12:27:03', 'next page'),
(438, '2023-01-03 12:27:04', 'next page'),
(439, '2023-01-03 12:27:05', 'next page'),
(440, '2023-01-03 12:27:06', 'next page'),
(441, '2023-01-03 12:27:08', 'next page'),
(442, '2023-01-03 12:27:56', 'Database connected!'),
(443, '2023-01-03 12:28:02', 'test has logged in.'),
(444, '2023-01-03 12:28:12', 'next page'),
(445, '2023-01-03 12:28:14', 'next page'),
(446, '2023-01-03 12:28:14', 'next page'),
(447, '2023-01-03 12:28:15', 'next page'),
(448, '2023-01-03 12:28:42', 'ticket inserted'),
(449, '2023-01-03 12:28:45', 'next page'),
(450, '2023-01-03 12:28:46', 'next page'),
(451, '2023-01-03 12:28:48', 'next page'),
(452, '2023-01-03 12:28:49', 'next page'),
(453, '2023-01-03 12:28:50', 'next page'),
(454, '2023-01-03 12:28:50', 'next page'),
(455, '2023-01-03 12:29:11', 'ticket inserted'),
(456, '2023-01-03 12:29:14', 'ticket inserted'),
(457, '2023-01-03 12:29:16', 'ticket inserted'),
(458, '2023-01-03 12:29:18', 'ticket inserted'),
(459, '2023-01-03 12:29:19', 'ticket inserted'),
(460, '2023-01-03 12:29:20', 'ticket inserted'),
(461, '2023-01-03 12:29:22', 'ticket inserted'),
(462, '2023-01-03 12:29:24', 'ticket inserted'),
(463, '2023-01-03 12:29:25', 'ticket inserted'),
(464, '2023-01-03 12:29:27', 'ticket inserted'),
(465, '2023-01-03 12:29:28', 'ticket inserted'),
(466, '2023-01-03 12:29:29', 'ticket inserted'),
(467, '2023-01-03 12:29:31', 'ticket inserted'),
(468, '2023-01-03 12:29:32', 'ticket inserted'),
(469, '2023-01-03 12:29:34', 'ticket inserted'),
(470, '2023-01-03 12:29:35', 'ticket inserted'),
(471, '2023-01-03 12:29:37', 'ticket inserted'),
(472, '2023-01-03 12:29:38', 'ticket inserted'),
(473, '2023-01-03 12:29:40', 'ticket inserted'),
(474, '2023-01-03 12:29:42', 'next page'),
(475, '2023-01-03 12:29:43', 'next page'),
(476, '2023-01-03 12:29:44', 'next page'),
(477, '2023-01-03 12:29:45', 'next page'),
(478, '2023-01-03 12:29:46', 'next page'),
(479, '2023-01-03 12:29:47', 'next page'),
(480, '2023-01-03 12:29:48', 'next page'),
(481, '2023-01-03 12:29:49', 'next page'),
(482, '2023-01-03 12:29:49', 'next page'),
(483, '2023-01-03 12:29:53', 'next page'),
(484, '2023-01-03 12:29:54', 'next page'),
(485, '2023-01-03 12:29:56', 'next page'),
(486, '2023-01-03 12:32:04', 'Database connected!'),
(487, '2023-01-03 12:32:12', 'test has logged in.'),
(488, '2023-01-03 12:32:18', 'next page'),
(489, '2023-01-03 12:32:18', 'ticket inserted'),
(490, '2023-01-03 12:32:20', 'next page'),
(491, '2023-01-03 12:32:21', 'next page'),
(492, '2023-01-03 12:32:21', 'next page'),
(493, '2023-01-03 12:32:23', 'next page'),
(494, '2023-01-03 12:32:56', 'next page'),
(495, '2023-01-03 12:32:57', 'next page'),
(496, '2023-01-03 12:32:58', 'next page'),
(497, '2023-01-03 12:32:58', 'next page'),
(498, '2023-01-03 12:32:59', 'next page'),
(499, '2023-01-03 12:33:00', 'next page'),
(500, '2023-01-03 12:33:01', 'next page'),
(501, '2023-01-03 12:33:02', 'next page'),
(502, '2023-01-03 12:33:02', 'next page'),
(503, '2023-01-03 12:33:03', 'next page'),
(504, '2023-01-03 12:33:03', 'next page'),
(505, '2023-01-03 12:33:04', 'next page'),
(506, '2023-01-03 12:33:04', 'next page'),
(507, '2023-01-03 12:33:05', 'next page'),
(508, '2023-01-03 12:33:10', 'next page'),
(509, '2023-01-03 12:33:10', 'ticket inserted'),
(510, '2023-01-03 12:33:12', 'next page'),
(511, '2023-01-03 12:33:12', 'next page'),
(512, '2023-01-03 12:33:12', 'next page'),
(513, '2023-01-03 12:33:13', 'next page'),
(514, '2023-01-03 12:33:14', 'next page'),
(515, '2023-01-03 12:33:15', 'next page'),
(516, '2023-01-03 12:33:15', 'next page'),
(517, '2023-01-03 12:33:15', 'next page'),
(518, '2023-01-03 12:33:17', 'next page'),
(519, '2023-01-03 12:33:18', 'next page'),
(520, '2023-01-03 12:33:19', 'next page'),
(521, '2023-01-03 12:33:19', 'next page'),
(522, '2023-01-03 12:33:20', 'next page'),
(523, '2023-01-03 12:43:05', 'next page'),
(524, '2023-01-03 12:43:05', 'next page'),
(525, '2023-01-03 12:43:06', 'next page'),
(526, '2023-01-03 12:43:06', 'next page'),
(527, '2023-01-03 12:43:07', 'next page'),
(528, '2023-01-03 12:43:08', 'next page'),
(529, '2023-01-03 12:43:09', 'next page'),
(530, '2023-01-03 12:43:09', 'next page'),
(531, '2023-01-03 12:43:10', 'next page'),
(532, '2023-01-03 12:43:47', 'next page'),
(533, '2023-01-03 12:43:47', 'next page'),
(534, '2023-01-03 12:43:47', 'next page'),
(535, '2023-01-03 12:43:48', 'next page'),
(536, '2023-01-03 12:43:49', 'next page'),
(537, '2023-01-03 12:43:49', 'next page'),
(538, '2023-01-03 12:43:49', 'next page'),
(539, '2023-01-03 12:43:50', 'next page'),
(540, '2023-01-03 12:44:45', 'next page'),
(541, '2023-01-03 12:44:46', 'next page'),
(542, '2023-01-03 12:44:47', 'next page'),
(543, '2023-01-03 12:44:47', 'next page'),
(544, '2023-01-03 12:44:48', 'next page'),
(545, '2023-01-03 12:44:48', 'next page'),
(546, '2023-01-03 12:44:49', 'next page'),
(547, '2023-01-03 12:44:49', 'next page'),
(548, '2023-01-03 12:44:49', 'next page'),
(549, '2023-01-03 12:58:58', 'next page'),
(550, '2023-01-03 12:58:59', 'next page'),
(551, '2023-01-03 12:58:59', 'next page'),
(552, '2023-01-03 12:59:00', 'next page'),
(553, '2023-01-03 12:59:00', 'next page'),
(554, '2023-01-03 12:59:00', 'next page'),
(555, '2023-01-03 12:59:01', 'next page'),
(556, '2023-01-03 12:59:01', 'next page'),
(557, '2023-01-03 12:59:02', 'next page'),
(558, '2023-01-03 12:59:03', 'next page'),
(559, '2023-01-03 12:59:03', 'next page'),
(560, '2023-01-03 12:59:03', 'next page'),
(561, '2023-01-03 13:01:16', 'Database connected!'),
(562, '2023-01-03 13:22:50', 'test has logged in.'),
(563, '2023-01-03 13:26:06', 'Database connected!'),
(564, '2023-01-03 13:26:11', 'test has logged in.'),
(565, '2023-01-03 14:03:30', 'Database connected!'),
(566, '2023-01-03 14:03:36', 'test has logged in.'),
(567, '2023-01-03 14:05:41', 'Database connected!'),
(568, '2023-01-03 14:05:48', 'test has logged in.'),
(569, '2023-01-03 14:06:59', 'Database connected!'),
(570, '2023-01-03 14:07:06', 'test has logged in.'),
(571, '2023-01-03 14:07:11', 'view ticket'),
(572, '2023-01-03 14:07:22', 'Database connected!'),
(573, '2023-01-03 14:07:30', 'test has logged in.'),
(574, '2023-01-03 14:07:34', 'view ticket'),
(575, '2023-01-03 14:08:18', 'Database connected!'),
(576, '2023-01-03 14:08:23', 'test has logged in.'),
(577, '2023-01-03 14:08:26', 'view ticket'),
(578, '2023-01-03 14:09:39', 'view ticket'),
(579, '2023-01-03 14:09:44', 'view ticket'),
(580, '2023-01-03 14:09:58', 'ticket inserted'),
(581, '2023-01-03 14:09:59', 'view ticket'),
(582, '2023-01-03 14:12:21', 'view ticket'),
(583, '2023-01-03 14:12:26', 'view ticket'),
(584, '2023-01-03 14:12:35', 'view ticket'),
(585, '2023-01-03 14:12:37', 'view ticket'),
(586, '2023-01-03 14:12:40', 'view ticket'),
(587, '2023-01-03 14:13:32', 'view ticket'),
(588, '2023-01-03 14:13:34', 'view ticket'),
(589, '2023-01-03 14:13:37', 'view ticket'),
(590, '2023-01-04 08:24:59', 'Database connected!'),
(591, '2023-01-04 08:34:01', 'test has logged in.'),
(592, '2023-01-04 10:41:53', 'test has logged in.'),
(593, '2023-01-04 11:58:20', 'ticket inserted'),
(594, '2023-01-04 12:08:39', 'ticket inserted'),
(595, '2023-01-04 12:09:02', 'ticket inserted'),
(596, '2023-01-09 12:13:56', 'Database connected!'),
(597, '2023-01-09 12:14:08', 'test has logged in.'),
(598, '2023-01-09 15:42:24', 'Database connected!'),
(599, '2023-01-09 15:42:50', 'test has logged in.'),
(600, '2023-01-10 12:07:48', 'Database connected!'),
(601, '2023-01-10 12:07:58', 'test has logged in.'),
(602, '2023-01-11 11:22:27', 'Database connected!'),
(603, '2023-01-11 11:22:33', 'test has logged in.'),
(604, '2023-01-11 11:46:52', 'Database connected!'),
(605, '2023-01-11 11:46:58', 'test has logged in.'),
(606, '2023-01-11 11:47:16', 'comment inserted'),
(607, '2023-01-11 12:02:34', 'Database connected!'),
(608, '2023-01-11 12:02:39', 'test has logged in.'),
(609, '2023-01-11 12:02:59', 'Database connected!'),
(610, '2023-01-11 12:03:11', 'test has logged in.'),
(611, '2023-01-11 12:03:31', 'Database connected!'),
(612, '2023-01-11 12:03:40', 'test has logged in.'),
(613, '2023-01-11 12:09:56', 'Database connected!'),
(614, '2023-01-11 12:10:07', 'test has logged in.'),
(615, '2023-01-11 12:16:41', 'Database connected!'),
(616, '2023-01-11 12:16:50', 'test has logged in.'),
(617, '2023-01-11 12:16:54', '1'),
(618, '2023-01-11 12:17:40', 'Database connected!'),
(619, '2023-01-11 12:17:49', 'test has logged in.'),
(620, '2023-01-11 12:17:52', 'nowy komentaz'),
(621, '2023-01-11 12:18:56', 'Database connected!'),
(622, '2023-01-11 12:19:10', 'test has logged in.'),
(623, '2023-01-11 12:19:13', 'nowy komentaz'),
(624, '2023-01-11 12:19:13', '1'),
(625, '2023-01-11 12:21:05', 'Database connected!'),
(626, '2023-01-11 12:21:11', 'Database connected!'),
(627, '2023-01-11 12:21:21', 'test has logged in.'),
(628, '2023-01-11 12:21:24', 'nowy komentaz'),
(629, '2023-01-11 12:23:57', 'Database connected!'),
(630, '2023-01-11 12:24:06', 'test has logged in.'),
(631, '2023-01-11 12:24:10', '0'),
(632, '2023-01-11 12:24:10', 'nowy komentaz'),
(633, '2023-01-11 12:25:08', 'Database connected!'),
(634, '2023-01-11 12:25:23', 'test has logged in.'),
(635, '2023-01-11 12:25:26', 'out0'),
(636, '2023-01-11 12:25:26', 'nowy komentaz'),
(637, '2023-01-11 12:31:15', 'Database connected!'),
(638, '2023-01-11 12:31:23', 'test has logged in.'),
(639, '2023-01-11 12:39:07', 'Database connected!'),
(640, '2023-01-11 12:39:18', 'test has logged in.'),
(641, '2023-01-11 12:39:22', 'nowy komentaz'),
(642, '2023-01-11 13:00:01', 'comment inserted'),
(643, '2023-01-11 13:00:17', 'nowy komentaz'),
(644, '2023-01-11 13:01:02', 'Database connected!'),
(645, '2023-01-11 13:01:08', 'test has logged in.'),
(646, '2023-01-11 13:14:41', 'Database connected!'),
(647, '2023-01-11 13:14:48', 'test has logged in.'),
(648, '2023-01-11 13:14:51', '0'),
(649, '2023-01-11 13:15:34', 'Database connected!'),
(650, '2023-01-11 13:15:40', 'test has logged in.'),
(651, '2023-01-11 13:15:43', '2'),
(652, '2023-01-11 13:15:43', '0'),
(653, '2023-01-11 13:17:22', 'Database connected!'),
(654, '2023-01-11 13:17:30', 'test has logged in.'),
(655, '2023-01-11 13:17:44', '2'),
(656, '2023-01-11 13:17:44', '1'),
(657, '2023-01-11 13:17:44', '1'),
(658, '2023-01-11 13:27:40', 'Database connected!'),
(659, '2023-01-11 13:27:48', 'test has logged in.'),
(660, '2023-01-11 13:27:53', '2'),
(661, '2023-01-11 13:27:53', '0'),
(662, '2023-01-11 13:27:53', '1'),
(663, '2023-01-11 13:33:34', '2'),
(664, '2023-01-11 13:33:34', '0'),
(665, '2023-01-11 13:33:34', '1'),
(666, '2023-01-11 13:55:29', 'Database connected!'),
(667, '2023-01-11 13:55:36', 'test has logged in.'),
(668, '2023-01-11 13:55:47', 'comment inserted'),
(669, '2023-01-11 13:56:01', 'comment inserted'),
(670, '2023-01-11 13:56:35', 'comment inserted'),
(671, '2023-01-11 13:58:12', 'Database connected!'),
(672, '2023-01-11 13:58:21', 'test has logged in.'),
(673, '2023-01-11 13:58:55', 'Database connected!'),
(674, '2023-01-11 13:59:09', 'test has logged in.'),
(675, '2023-01-11 13:59:30', 'Database connected!'),
(676, '2023-01-11 13:59:35', 'test has logged in.'),
(677, '2023-01-12 10:31:04', 'Database connected!'),
(678, '2023-01-12 10:31:12', 'test has logged in.'),
(679, '2023-01-12 10:34:11', 'test has logged in.'),
(680, '2023-01-12 10:40:31', 'admin has logged in.'),
(681, '2023-01-12 10:44:28', 'ticket inserted'),
(682, '2023-01-12 10:44:36', 'comment inserted'),
(683, '2023-01-12 11:06:32', 'Database connected!'),
(684, '2023-01-12 11:06:40', 'admin has logged in.'),
(685, '2023-01-12 11:10:16', 'Database connected!'),
(686, '2023-01-12 11:10:24', 'admin has logged in.'),
(687, '2023-01-12 11:14:17', 'Database connected!'),
(688, '2023-01-12 11:14:27', 'admin has logged in.'),
(689, '2023-01-12 11:22:08', 'Database connected!'),
(690, '2023-01-12 11:22:17', 'admin has logged in.'),
(691, '2023-01-12 11:23:42', 'Database connected!'),
(692, '2023-01-12 11:23:49', 'admin has logged in.'),
(693, '2023-01-12 11:26:52', 'Database connected!'),
(694, '2023-01-12 11:27:02', 'admin has logged in.'),
(695, '2023-01-12 11:36:24', 'ticket inserted'),
(696, '2023-01-12 11:37:23', 'Database connected!'),
(697, '2023-01-12 11:37:29', 'admin has logged in.'),
(698, '2023-01-12 11:40:49', 'Database connected!'),
(699, '2023-01-12 11:40:56', 'admin has logged in.'),
(700, '2023-01-12 11:44:51', 'Database connected!'),
(701, '2023-01-12 11:44:58', 'admin has logged in.'),
(702, '2023-01-12 11:47:01', 'Database connected!'),
(703, '2023-01-12 11:47:15', 'admin has logged in.'),
(704, '2023-01-12 11:49:25', 'Database connected!'),
(705, '2023-01-12 11:49:30', 'admin has logged in.'),
(706, '2023-01-12 11:50:30', 'Database connected!'),
(707, '2023-01-12 11:50:36', 'admin has logged in.'),
(708, '2023-01-12 11:50:52', 'ticket inserted'),
(709, '2023-01-12 11:53:40', 'Database connected!'),
(710, '2023-01-12 11:53:45', 'admin has logged in.'),
(711, '2023-01-12 12:04:09', 'Database connected!'),
(712, '2023-01-12 12:04:14', 'test has logged in.'),
(713, '2023-01-12 12:04:59', 'ticket inserted'),
(714, '2023-01-12 12:05:33', 'ticket inserted'),
(715, '2023-01-12 12:11:31', 'admin has logged in.'),
(716, '2023-01-12 12:26:47', 'Database connected!'),
(717, '2023-01-12 12:26:52', 'test has logged in.'),
(718, '2023-01-12 12:27:00', 'comment inserted'),
(719, '2023-01-12 12:27:03', 'comment inserted'),
(720, '2023-01-12 12:27:07', 'comment inserted'),
(721, '2023-01-12 12:27:21', 'comment inserted'),
(722, '2023-01-12 12:28:03', 'admin has logged in.'),
(723, '2023-01-12 12:28:24', 'comment inserted'),
(724, '2023-01-12 12:28:32', 'comment inserted'),
(725, '2023-01-12 12:29:10', 'comment inserted'),
(726, '2023-01-12 12:30:18', 'ticket inserted'),
(727, '2023-01-12 12:34:59', 'Database connected!'),
(728, '2023-01-12 12:35:05', 'test has logged in.'),
(729, '2023-01-12 12:35:31', 'admin has logged in.'),
(730, '2023-01-12 12:37:08', 'Database connected!'),
(731, '2023-01-12 12:37:15', 'test has logged in.'),
(732, '2023-01-12 12:37:21', 'admin has logged in.'),
(733, '2023-01-12 12:38:25', 'Database connected!'),
(734, '2023-01-12 12:38:30', 'test has logged in.'),
(735, '2023-01-12 12:38:45', 'admin has logged in.'),
(736, '2023-01-12 12:38:55', 'comment inserted'),
(737, '2023-01-12 12:39:04', 'comment inserted'),
(738, '2023-01-12 12:39:43', 'comment inserted'),
(739, '2023-01-12 12:43:10', 'Database connected!'),
(740, '2023-01-12 12:43:15', 'test has logged in.'),
(741, '2023-01-12 12:43:22', 'comment inserted'),
(742, '2023-01-12 12:43:28', 'admin has logged in.'),
(743, '2023-01-12 12:47:12', 'Database connected!'),
(744, '2023-01-12 12:47:17', 'test has logged in.'),
(745, '2023-01-12 12:47:38', 'admin has logged in.'),
(746, '2023-01-12 12:47:46', 'comment inserted'),
(747, '2023-01-12 12:59:02', 'comment inserted'),
(748, '2023-01-12 12:59:51', 'comment inserted'),
(749, '2023-01-12 13:00:06', 'comment inserted'),
(750, '2023-01-12 13:00:08', 'comment inserted'),
(751, '2023-01-12 13:00:15', 'comment inserted'),
(752, '2023-01-12 13:00:36', 'comment inserted'),
(753, '2023-01-12 13:00:41', 'comment inserted'),
(754, '2023-01-12 13:00:47', 'comment inserted'),
(755, '2023-01-12 13:01:59', 'comment inserted'),
(756, '2023-01-12 13:02:04', 'comment inserted'),
(757, '2023-01-12 13:02:10', 'comment inserted'),
(758, '2023-01-13 11:25:42', 'Database connected!'),
(759, '2023-01-13 11:25:51', 'admin has logged in.'),
(760, '2023-01-13 11:27:48', 'comment inserted'),
(761, '2023-01-13 11:27:58', 'comment inserted'),
(762, '2023-01-13 12:27:15', 'Database connected!'),
(763, '2023-01-13 12:27:21', 'admin has logged in.'),
(764, '2023-01-13 12:27:37', 'ticket edited'),
(765, '2023-01-13 12:30:40', 'ticket inserted'),
(766, '2023-01-13 13:02:28', 'Database connected!'),
(767, '2023-01-13 13:02:34', 'admin has logged in.'),
(768, '2023-01-13 13:09:24', 'Database connected!'),
(769, '2023-01-13 13:09:34', 'admin has logged in.'),
(770, '2023-01-13 13:12:09', 'Database connected!'),
(771, '2023-01-13 13:12:16', 'admin has logged in.'),
(772, '2023-01-13 13:12:16', 'test'),
(773, '2023-01-13 13:12:16', 'test'),
(774, '2023-01-13 13:12:16', 'test'),
(775, '2023-01-13 13:12:16', 'test'),
(776, '2023-01-13 13:12:16', 'test'),
(777, '2023-01-13 13:12:16', 'test'),
(778, '2023-01-13 13:12:16', 'test'),
(779, '2023-01-13 13:12:16', 'test'),
(780, '2023-01-13 13:12:16', 'test'),
(781, '2023-01-13 13:12:16', 'test'),
(782, '2023-01-13 13:12:16', 'test'),
(783, '2023-01-13 13:12:16', 'test'),
(784, '2023-01-13 13:12:30', 'Database connected!'),
(785, '2023-01-13 13:12:38', 'admin has logged in.'),
(786, '2023-01-13 13:12:39', 'test2'),
(787, '2023-01-13 13:12:39', 'test'),
(788, '2023-01-13 13:12:39', 'test'),
(789, '2023-01-13 13:12:39', 'test'),
(790, '2023-01-13 13:12:39', 'test'),
(791, '2023-01-13 13:12:39', 'test'),
(792, '2023-01-13 13:12:39', 'test'),
(793, '2023-01-13 13:12:39', 'test'),
(794, '2023-01-13 13:12:39', 'test'),
(795, '2023-01-13 13:12:39', 'test'),
(796, '2023-01-13 13:12:39', 'test'),
(797, '2023-01-13 13:12:39', 'test'),
(798, '2023-01-13 13:13:32', 'Database connected!'),
(799, '2023-01-13 13:13:37', 'admin has logged in.'),
(800, '2023-01-13 13:13:37', 'test2'),
(801, '2023-01-13 13:13:37', 'test0'),
(802, '2023-01-13 13:13:37', 'test0'),
(803, '2023-01-13 13:13:37', 'test0'),
(804, '2023-01-13 13:13:37', 'test1'),
(805, '2023-01-13 13:13:37', 'test1'),
(806, '2023-01-13 13:13:37', 'test1'),
(807, '2023-01-13 13:13:37', 'test1'),
(808, '2023-01-13 13:13:37', 'test2'),
(809, '2023-01-13 13:13:37', 'test2'),
(810, '2023-01-13 13:13:37', 'test2'),
(811, '2023-01-13 13:13:37', 'test2'),
(812, '2023-01-13 13:21:18', 'Database connected!'),
(813, '2023-01-13 13:21:25', 'admin has logged in.'),
(814, '2023-01-13 13:21:25', 'test0'),
(815, '2023-01-13 13:21:25', 'test0'),
(816, '2023-01-13 13:21:25', 'test0'),
(817, '2023-01-13 13:21:25', 'test1'),
(818, '2023-01-13 13:21:25', 'test1'),
(819, '2023-01-13 13:21:25', 'test1'),
(820, '2023-01-13 13:21:25', 'test1'),
(821, '2023-01-13 13:21:25', 'test2'),
(822, '2023-01-13 13:21:25', 'test2'),
(823, '2023-01-13 13:21:25', 'test2'),
(824, '2023-01-13 13:21:25', 'test2'),
(825, '2023-01-13 13:28:13', 'test0'),
(826, '2023-01-13 13:28:13', 'test0'),
(827, '2023-01-13 13:28:13', 'test0'),
(828, '2023-01-13 13:28:13', 'test1'),
(829, '2023-01-13 13:28:13', 'test1'),
(830, '2023-01-13 13:28:13', 'test1'),
(831, '2023-01-13 13:28:13', 'test1'),
(832, '2023-01-13 13:28:13', 'test2'),
(833, '2023-01-13 13:28:13', 'test2'),
(834, '2023-01-13 13:28:13', 'test2'),
(835, '2023-01-13 13:28:13', 'test2'),
(836, '2023-01-13 13:33:02', 'test0'),
(837, '2023-01-13 13:33:02', 'test0'),
(838, '2023-01-13 13:33:02', 'test0'),
(839, '2023-01-13 13:33:02', 'test1'),
(840, '2023-01-13 13:33:02', 'test1'),
(841, '2023-01-13 13:33:02', 'test1'),
(842, '2023-01-13 13:33:02', 'test1'),
(843, '2023-01-13 13:33:02', 'test2'),
(844, '2023-01-13 13:33:02', 'test2'),
(845, '2023-01-13 13:33:02', 'test2'),
(846, '2023-01-13 13:33:02', 'test2'),
(847, '2023-01-13 13:42:36', 'test0'),
(848, '2023-01-13 13:42:36', 'test0'),
(849, '2023-01-13 13:42:36', 'test0'),
(850, '2023-01-13 13:42:36', 'test1'),
(851, '2023-01-13 13:42:36', 'test1'),
(852, '2023-01-13 13:42:36', 'test1'),
(853, '2023-01-13 13:42:36', 'test1'),
(854, '2023-01-13 13:42:36', 'test2'),
(855, '2023-01-13 13:42:36', 'test2'),
(856, '2023-01-13 13:42:36', 'test2'),
(857, '2023-01-13 13:42:36', 'test2'),
(858, '2023-01-13 13:43:06', 'test0'),
(859, '2023-01-13 13:43:06', 'test0'),
(860, '2023-01-13 13:43:06', 'test0'),
(861, '2023-01-13 13:43:06', 'test1'),
(862, '2023-01-13 13:43:06', 'test1'),
(863, '2023-01-13 13:43:06', 'test1'),
(864, '2023-01-13 13:43:06', 'test1'),
(865, '2023-01-13 13:43:06', 'test2'),
(866, '2023-01-13 13:43:06', 'test2'),
(867, '2023-01-13 13:43:06', 'test2'),
(868, '2023-01-13 13:43:06', 'test2'),
(869, '2023-01-16 07:52:45', 'Database connected!'),
(870, '2023-01-16 07:52:53', 'admin has logged in.'),
(871, '2023-01-16 07:52:53', 'test0'),
(872, '2023-01-16 07:52:53', 'test0'),
(873, '2023-01-16 07:52:53', 'test0'),
(874, '2023-01-16 07:52:53', 'test1'),
(875, '2023-01-16 07:52:53', 'test1'),
(876, '2023-01-16 07:52:53', 'test1'),
(877, '2023-01-16 07:52:53', 'test1'),
(878, '2023-01-16 07:52:53', 'test2'),
(879, '2023-01-16 07:52:53', 'test2'),
(880, '2023-01-16 07:52:53', 'test2'),
(881, '2023-01-16 07:52:53', 'test2'),
(882, '2023-01-16 07:57:02', 'test0'),
(883, '2023-01-16 07:57:02', 'test0'),
(884, '2023-01-16 07:57:02', 'test0'),
(885, '2023-01-16 07:57:02', 'test1'),
(886, '2023-01-16 07:57:02', 'test1'),
(887, '2023-01-16 07:57:02', 'test1'),
(888, '2023-01-16 07:57:02', 'test1'),
(889, '2023-01-16 07:57:02', 'test2'),
(890, '2023-01-16 07:57:02', 'test2'),
(891, '2023-01-16 07:57:02', 'test2'),
(892, '2023-01-16 07:57:02', 'test2'),
(893, '2023-01-16 07:58:19', 'test0'),
(894, '2023-01-16 07:58:19', 'test0'),
(895, '2023-01-16 07:58:19', 'test0'),
(896, '2023-01-16 07:58:19', 'test1'),
(897, '2023-01-16 07:58:19', 'test1'),
(898, '2023-01-16 07:58:19', 'test1'),
(899, '2023-01-16 07:58:19', 'test1'),
(900, '2023-01-16 07:58:19', 'test2'),
(901, '2023-01-16 07:58:19', 'test2'),
(902, '2023-01-16 07:58:19', 'test2'),
(903, '2023-01-16 07:58:19', 'test2'),
(904, '2023-01-16 08:01:26', 'test has logged in.'),
(905, '2023-01-16 08:01:26', 'test0'),
(906, '2023-01-16 08:01:26', 'test0'),
(907, '2023-01-16 08:01:26', 'test0'),
(908, '2023-01-16 08:01:26', 'test1'),
(909, '2023-01-16 08:01:26', 'test1'),
(910, '2023-01-16 08:01:26', 'test1'),
(911, '2023-01-16 08:01:26', 'test1'),
(912, '2023-01-16 08:01:26', 'test2'),
(913, '2023-01-16 08:01:26', 'test2'),
(914, '2023-01-16 08:01:26', 'test2'),
(915, '2023-01-16 08:01:26', 'test2'),
(916, '2023-01-16 08:03:30', 'admin has logged in.'),
(917, '2023-01-16 08:03:30', 'test0'),
(918, '2023-01-16 08:03:30', 'test0'),
(919, '2023-01-16 08:03:30', 'test0'),
(920, '2023-01-16 08:03:30', 'test1'),
(921, '2023-01-16 08:03:30', 'test1'),
(922, '2023-01-16 08:03:30', 'test1'),
(923, '2023-01-16 08:03:30', 'test1'),
(924, '2023-01-16 08:03:30', 'test2'),
(925, '2023-01-16 08:03:30', 'test2'),
(926, '2023-01-16 08:03:30', 'test2'),
(927, '2023-01-16 08:03:30', 'test2'),
(928, '2023-01-16 08:10:17', 'admin has logged in.'),
(929, '2023-01-16 08:10:17', 'test0'),
(930, '2023-01-16 08:10:17', 'test0'),
(931, '2023-01-16 08:10:17', 'test0'),
(932, '2023-01-16 08:10:17', 'test1'),
(933, '2023-01-16 08:10:17', 'test1'),
(934, '2023-01-16 08:10:17', 'test1'),
(935, '2023-01-16 08:10:17', 'test1'),
(936, '2023-01-16 08:10:17', 'test2'),
(937, '2023-01-16 08:10:17', 'test2'),
(938, '2023-01-16 08:10:17', 'test2'),
(939, '2023-01-16 08:10:17', 'test2'),
(940, '2023-01-16 08:16:35', 'test0'),
(941, '2023-01-16 08:16:35', 'test0'),
(942, '2023-01-16 08:16:35', 'test0'),
(943, '2023-01-16 08:16:35', 'test1'),
(944, '2023-01-16 08:16:35', 'test1'),
(945, '2023-01-16 08:16:35', 'test1'),
(946, '2023-01-16 08:16:35', 'test1'),
(947, '2023-01-16 08:16:35', 'test2'),
(948, '2023-01-16 08:16:35', 'test2'),
(949, '2023-01-16 08:16:35', 'test2'),
(950, '2023-01-16 08:16:35', 'test2'),
(951, '2023-01-16 08:19:00', 'test0'),
(952, '2023-01-16 08:19:00', 'test0'),
(953, '2023-01-16 08:19:00', 'test0'),
(954, '2023-01-16 08:19:00', 'test1'),
(955, '2023-01-16 08:19:00', 'test1'),
(956, '2023-01-16 08:19:00', 'test1'),
(957, '2023-01-16 08:19:00', 'test1'),
(958, '2023-01-16 08:19:00', 'test2'),
(959, '2023-01-16 08:19:00', 'test2'),
(960, '2023-01-16 08:19:00', 'test2'),
(961, '2023-01-16 08:19:00', 'test2'),
(962, '2023-01-16 08:20:40', 'test0'),
(963, '2023-01-16 08:20:40', 'test0'),
(964, '2023-01-16 08:20:40', 'test0'),
(965, '2023-01-16 08:20:40', 'test1'),
(966, '2023-01-16 08:20:40', 'test1'),
(967, '2023-01-16 08:20:40', 'test1'),
(968, '2023-01-16 08:20:40', 'test1'),
(969, '2023-01-16 08:20:40', 'test2'),
(970, '2023-01-16 08:20:40', 'test2'),
(971, '2023-01-16 08:20:40', 'test2'),
(972, '2023-01-16 08:20:40', 'test2'),
(973, '2023-01-16 08:21:32', 'test0'),
(974, '2023-01-16 08:21:32', 'test0'),
(975, '2023-01-16 08:21:32', 'test0'),
(976, '2023-01-16 08:21:32', 'test1'),
(977, '2023-01-16 08:21:32', 'test1'),
(978, '2023-01-16 08:21:32', 'test1'),
(979, '2023-01-16 08:21:32', 'test1'),
(980, '2023-01-16 08:21:32', 'test2'),
(981, '2023-01-16 08:21:32', 'test2'),
(982, '2023-01-16 08:21:32', 'test2'),
(983, '2023-01-16 08:21:32', 'test2'),
(984, '2023-01-16 08:22:59', 'test0'),
(985, '2023-01-16 08:22:59', 'test0'),
(986, '2023-01-16 08:22:59', 'test0'),
(987, '2023-01-16 08:22:59', 'test1'),
(988, '2023-01-16 08:22:59', 'test1'),
(989, '2023-01-16 08:22:59', 'test1'),
(990, '2023-01-16 08:22:59', 'test1'),
(991, '2023-01-16 08:22:59', 'test2'),
(992, '2023-01-16 08:22:59', 'test2'),
(993, '2023-01-16 08:22:59', 'test2'),
(994, '2023-01-16 08:22:59', 'test2'),
(995, '2023-01-16 08:24:01', 'test0'),
(996, '2023-01-16 08:24:01', 'test0'),
(997, '2023-01-16 08:24:01', 'test0'),
(998, '2023-01-16 08:24:01', 'test1'),
(999, '2023-01-16 08:24:01', 'test1'),
(1000, '2023-01-16 08:24:01', 'test1'),
(1001, '2023-01-16 08:24:01', 'test1'),
(1002, '2023-01-16 08:24:01', 'test2'),
(1003, '2023-01-16 08:24:01', 'test2'),
(1004, '2023-01-16 08:24:01', 'test2'),
(1005, '2023-01-16 08:24:01', 'test2'),
(1006, '2023-01-16 08:24:54', 'test0'),
(1007, '2023-01-16 08:24:54', 'test0'),
(1008, '2023-01-16 08:24:54', 'test0'),
(1009, '2023-01-16 08:24:54', 'test1'),
(1010, '2023-01-16 08:24:54', 'test1'),
(1011, '2023-01-16 08:24:54', 'test1'),
(1012, '2023-01-16 08:24:54', 'test1'),
(1013, '2023-01-16 08:24:54', 'test2'),
(1014, '2023-01-16 08:24:54', 'test2'),
(1015, '2023-01-16 08:24:54', 'test2'),
(1016, '2023-01-16 08:24:54', 'test2'),
(1017, '2023-01-16 08:26:56', 'test0'),
(1018, '2023-01-16 08:26:56', 'test0'),
(1019, '2023-01-16 08:26:56', 'test0'),
(1020, '2023-01-16 08:26:56', 'test1'),
(1021, '2023-01-16 08:26:56', 'test1'),
(1022, '2023-01-16 08:26:56', 'test1'),
(1023, '2023-01-16 08:26:56', 'test1'),
(1024, '2023-01-16 08:26:56', 'test2'),
(1025, '2023-01-16 08:26:56', 'test2'),
(1026, '2023-01-16 08:26:56', 'test2'),
(1027, '2023-01-16 08:26:56', 'test2'),
(1028, '2023-01-16 08:27:33', 'test0'),
(1029, '2023-01-16 08:27:33', 'test0'),
(1030, '2023-01-16 08:27:33', 'test0'),
(1031, '2023-01-16 08:27:33', 'test1'),
(1032, '2023-01-16 08:27:33', 'test1'),
(1033, '2023-01-16 08:27:33', 'test1'),
(1034, '2023-01-16 08:27:33', 'test1'),
(1035, '2023-01-16 08:27:33', 'test2'),
(1036, '2023-01-16 08:27:33', 'test2'),
(1037, '2023-01-16 08:27:33', 'test2'),
(1038, '2023-01-16 08:27:33', 'test2'),
(1039, '2023-01-16 09:59:15', 'test0'),
(1040, '2023-01-16 09:59:15', 'test0'),
(1041, '2023-01-16 09:59:15', 'test0'),
(1042, '2023-01-16 09:59:15', 'test1'),
(1043, '2023-01-16 09:59:15', 'test1'),
(1044, '2023-01-16 09:59:15', 'test1'),
(1045, '2023-01-16 09:59:15', 'test1'),
(1046, '2023-01-16 09:59:15', 'test2'),
(1047, '2023-01-16 09:59:15', 'test2'),
(1048, '2023-01-16 09:59:15', 'test2'),
(1049, '2023-01-16 09:59:15', 'test2'),
(1050, '2023-01-16 10:08:42', 'test0'),
(1051, '2023-01-16 10:08:42', 'test0'),
(1052, '2023-01-16 10:08:42', 'test0'),
(1053, '2023-01-16 10:08:42', 'test1'),
(1054, '2023-01-16 10:08:42', 'test1'),
(1055, '2023-01-16 10:08:42', 'test1'),
(1056, '2023-01-16 10:08:42', 'test1'),
(1057, '2023-01-16 10:08:42', 'test2'),
(1058, '2023-01-16 10:08:42', 'test2'),
(1059, '2023-01-16 10:08:42', 'test2'),
(1060, '2023-01-16 10:08:42', 'test2'),
(1061, '2023-01-16 10:08:57', 'test0'),
(1062, '2023-01-16 10:08:57', 'test0'),
(1063, '2023-01-16 10:08:57', 'test0'),
(1064, '2023-01-16 10:08:57', 'test1'),
(1065, '2023-01-16 10:08:57', 'test1'),
(1066, '2023-01-16 10:08:57', 'test1'),
(1067, '2023-01-16 10:08:57', 'test1'),
(1068, '2023-01-16 10:08:57', 'test2'),
(1069, '2023-01-16 10:08:57', 'test2'),
(1070, '2023-01-16 10:08:57', 'test2'),
(1071, '2023-01-16 10:08:57', 'test2'),
(1072, '2023-01-16 10:10:00', 'test0'),
(1073, '2023-01-16 10:10:00', 'test0'),
(1074, '2023-01-16 10:10:00', 'test0'),
(1075, '2023-01-16 10:10:00', 'test1'),
(1076, '2023-01-16 10:10:00', 'test1'),
(1077, '2023-01-16 10:10:00', 'test1'),
(1078, '2023-01-16 10:10:00', 'test1'),
(1079, '2023-01-16 10:10:00', 'test2'),
(1080, '2023-01-16 10:10:00', 'test2'),
(1081, '2023-01-16 10:10:00', 'test2'),
(1082, '2023-01-16 10:10:00', 'test2'),
(1083, '2023-01-16 10:13:59', 'test0'),
(1084, '2023-01-16 10:13:59', 'test0'),
(1085, '2023-01-16 10:13:59', 'test0'),
(1086, '2023-01-16 10:13:59', 'test1'),
(1087, '2023-01-16 10:13:59', 'test1'),
(1088, '2023-01-16 10:13:59', 'test1'),
(1089, '2023-01-16 10:13:59', 'test1'),
(1090, '2023-01-16 10:13:59', 'test2'),
(1091, '2023-01-16 10:13:59', 'test2'),
(1092, '2023-01-16 10:13:59', 'test2'),
(1093, '2023-01-16 10:13:59', 'test2'),
(1094, '2023-01-16 10:16:24', 'test0'),
(1095, '2023-01-16 10:16:24', 'test0'),
(1096, '2023-01-16 10:16:24', 'test0'),
(1097, '2023-01-16 10:16:24', 'test1'),
(1098, '2023-01-16 10:16:24', 'test1'),
(1099, '2023-01-16 10:16:24', 'test1'),
(1100, '2023-01-16 10:16:24', 'test1'),
(1101, '2023-01-16 10:16:24', 'test2'),
(1102, '2023-01-16 10:16:24', 'test2'),
(1103, '2023-01-16 10:16:24', 'test2'),
(1104, '2023-01-16 10:16:24', 'test2'),
(1105, '2023-01-16 10:17:23', 'test0'),
(1106, '2023-01-16 10:17:23', 'test0'),
(1107, '2023-01-16 10:17:23', 'test0'),
(1108, '2023-01-16 10:17:23', 'test1'),
(1109, '2023-01-16 10:17:23', 'test1'),
(1110, '2023-01-16 10:17:23', 'test1'),
(1111, '2023-01-16 10:17:23', 'test1'),
(1112, '2023-01-16 10:17:23', 'test2'),
(1113, '2023-01-16 10:17:23', 'test2'),
(1114, '2023-01-16 10:17:23', 'test2'),
(1115, '2023-01-16 10:17:23', 'test2'),
(1116, '2023-01-16 10:18:25', 'test0'),
(1117, '2023-01-16 10:18:25', 'test0'),
(1118, '2023-01-16 10:18:25', 'test0'),
(1119, '2023-01-16 10:18:25', 'test1'),
(1120, '2023-01-16 10:18:25', 'test1'),
(1121, '2023-01-16 10:18:25', 'test1'),
(1122, '2023-01-16 10:18:25', 'test1'),
(1123, '2023-01-16 10:18:25', 'test2'),
(1124, '2023-01-16 10:18:25', 'test2'),
(1125, '2023-01-16 10:18:25', 'test2'),
(1126, '2023-01-16 10:18:25', 'test2'),
(1127, '2023-01-16 10:19:20', 'test0'),
(1128, '2023-01-16 10:19:20', 'test0'),
(1129, '2023-01-16 10:19:20', 'test0'),
(1130, '2023-01-16 10:19:20', 'test1'),
(1131, '2023-01-16 10:19:20', 'test1'),
(1132, '2023-01-16 10:19:20', 'test1'),
(1133, '2023-01-16 10:19:20', 'test1'),
(1134, '2023-01-16 10:19:20', 'test2'),
(1135, '2023-01-16 10:19:20', 'test2'),
(1136, '2023-01-16 10:19:20', 'test2'),
(1137, '2023-01-16 10:19:20', 'test2'),
(1138, '2023-01-16 10:27:34', 'test0'),
(1139, '2023-01-16 10:27:34', 'test0'),
(1140, '2023-01-16 10:27:34', 'test0'),
(1141, '2023-01-16 10:27:34', 'test1'),
(1142, '2023-01-16 10:27:34', 'test1'),
(1143, '2023-01-16 10:27:34', 'test1'),
(1144, '2023-01-16 10:27:34', 'test1'),
(1145, '2023-01-16 10:27:34', 'test2'),
(1146, '2023-01-16 10:27:34', 'test2'),
(1147, '2023-01-16 10:27:34', 'test2'),
(1148, '2023-01-16 10:27:34', 'test2'),
(1149, '2023-01-16 10:30:06', 'test0'),
(1150, '2023-01-16 10:30:06', 'test0'),
(1151, '2023-01-16 10:30:06', 'test0'),
(1152, '2023-01-16 10:30:06', 'test1'),
(1153, '2023-01-16 10:30:06', 'test1'),
(1154, '2023-01-16 10:30:06', 'test1'),
(1155, '2023-01-16 10:30:06', 'test1'),
(1156, '2023-01-16 10:30:06', 'test2'),
(1157, '2023-01-16 10:30:06', 'test2'),
(1158, '2023-01-16 10:30:06', 'test2'),
(1159, '2023-01-16 10:30:06', 'test2'),
(1160, '2023-01-16 10:32:40', 'test0'),
(1161, '2023-01-16 10:32:40', 'test0'),
(1162, '2023-01-16 10:32:40', 'test0'),
(1163, '2023-01-16 10:32:40', 'test1'),
(1164, '2023-01-16 10:32:40', 'test1'),
(1165, '2023-01-16 10:32:40', 'test1'),
(1166, '2023-01-16 10:32:40', 'test1'),
(1167, '2023-01-16 10:32:40', 'test2'),
(1168, '2023-01-16 10:32:40', 'test2'),
(1169, '2023-01-16 10:32:40', 'test2'),
(1170, '2023-01-16 10:32:40', 'test2'),
(1171, '2023-01-16 10:32:48', 'admin has logged in.'),
(1172, '2023-01-16 10:32:48', 'test0'),
(1173, '2023-01-16 10:32:48', 'test0'),
(1174, '2023-01-16 10:32:48', 'test0'),
(1175, '2023-01-16 10:32:48', 'test1'),
(1176, '2023-01-16 10:32:48', 'test1'),
(1177, '2023-01-16 10:32:48', 'test1'),
(1178, '2023-01-16 10:32:48', 'test1'),
(1179, '2023-01-16 10:32:48', 'test2'),
(1180, '2023-01-16 10:32:48', 'test2'),
(1181, '2023-01-16 10:32:48', 'test2'),
(1182, '2023-01-16 10:32:48', 'test2'),
(1183, '2023-01-16 10:46:47', 'test0'),
(1184, '2023-01-16 10:46:47', 'test0'),
(1185, '2023-01-16 10:46:47', 'test0'),
(1186, '2023-01-16 10:46:47', 'test1'),
(1187, '2023-01-16 10:46:47', 'test1'),
(1188, '2023-01-16 10:46:47', 'test1'),
(1189, '2023-01-16 10:46:47', 'test1'),
(1190, '2023-01-16 10:46:47', 'test2'),
(1191, '2023-01-16 10:46:47', 'test2'),
(1192, '2023-01-16 10:46:47', 'test2'),
(1193, '2023-01-16 10:46:47', 'test2'),
(1194, '2023-01-16 10:47:01', 'test0'),
(1195, '2023-01-16 10:47:01', 'test0'),
(1196, '2023-01-16 10:47:01', 'test0'),
(1197, '2023-01-16 10:47:01', 'test1'),
(1198, '2023-01-16 10:47:01', 'test1'),
(1199, '2023-01-16 10:47:01', 'test1'),
(1200, '2023-01-16 10:47:01', 'test1'),
(1201, '2023-01-16 10:47:01', 'test2'),
(1202, '2023-01-16 10:47:01', 'test2'),
(1203, '2023-01-16 10:47:01', 'test2'),
(1204, '2023-01-16 10:47:01', 'test2'),
(1205, '2023-01-16 10:47:31', 'test0'),
(1206, '2023-01-16 10:47:31', 'test0'),
(1207, '2023-01-16 10:47:31', 'test0'),
(1208, '2023-01-16 10:47:31', 'test1'),
(1209, '2023-01-16 10:47:31', 'test1'),
(1210, '2023-01-16 10:47:31', 'test1'),
(1211, '2023-01-16 10:47:31', 'test1'),
(1212, '2023-01-16 10:47:31', 'test2'),
(1213, '2023-01-16 10:47:31', 'test2');
INSERT INTO `logs` (`id`, `data`, `tresc`) VALUES
(1214, '2023-01-16 10:47:31', 'test2'),
(1215, '2023-01-16 10:47:31', 'test2'),
(1216, '2023-01-16 11:03:32', 'test0'),
(1217, '2023-01-16 11:03:32', 'test0'),
(1218, '2023-01-16 11:03:32', 'test0'),
(1219, '2023-01-16 11:03:32', 'test1'),
(1220, '2023-01-16 11:03:32', 'test1'),
(1221, '2023-01-16 11:03:32', 'test1'),
(1222, '2023-01-16 11:03:32', 'test1'),
(1223, '2023-01-16 11:03:32', 'test2'),
(1224, '2023-01-16 11:03:32', 'test2'),
(1225, '2023-01-16 11:03:32', 'test2'),
(1226, '2023-01-16 11:03:32', 'test2'),
(1227, '2023-01-16 11:07:04', 'test0'),
(1228, '2023-01-16 11:07:04', 'test0'),
(1229, '2023-01-16 11:07:04', 'test0'),
(1230, '2023-01-16 11:07:04', 'test1'),
(1231, '2023-01-16 11:07:04', 'test1'),
(1232, '2023-01-16 11:07:04', 'test1'),
(1233, '2023-01-16 11:07:04', 'test1'),
(1234, '2023-01-16 11:07:04', 'test2'),
(1235, '2023-01-16 11:07:04', 'test2'),
(1236, '2023-01-16 11:07:04', 'test2'),
(1237, '2023-01-16 11:07:04', 'test2'),
(1238, '2023-01-16 11:08:43', 'test0'),
(1239, '2023-01-16 11:08:43', 'test0'),
(1240, '2023-01-16 11:08:43', 'test0'),
(1241, '2023-01-16 11:08:43', 'test1'),
(1242, '2023-01-16 11:08:43', 'test1'),
(1243, '2023-01-16 11:08:43', 'test1'),
(1244, '2023-01-16 11:08:43', 'test1'),
(1245, '2023-01-16 11:08:43', 'test2'),
(1246, '2023-01-16 11:08:43', 'test2'),
(1247, '2023-01-16 11:08:43', 'test2'),
(1248, '2023-01-16 11:08:43', 'test2'),
(1249, '2023-01-16 11:09:03', 'test0'),
(1250, '2023-01-16 11:09:03', 'test0'),
(1251, '2023-01-16 11:09:03', 'test0'),
(1252, '2023-01-16 11:09:03', 'test1'),
(1253, '2023-01-16 11:09:03', 'test1'),
(1254, '2023-01-16 11:09:03', 'test1'),
(1255, '2023-01-16 11:09:03', 'test1'),
(1256, '2023-01-16 11:09:03', 'test2'),
(1257, '2023-01-16 11:09:03', 'test2'),
(1258, '2023-01-16 11:09:03', 'test2'),
(1259, '2023-01-16 11:09:03', 'test2'),
(1260, '2023-01-16 11:11:47', 'test0'),
(1261, '2023-01-16 11:11:47', 'test0'),
(1262, '2023-01-16 11:11:47', 'test0'),
(1263, '2023-01-16 11:11:47', 'test1'),
(1264, '2023-01-16 11:11:47', 'test1'),
(1265, '2023-01-16 11:11:47', 'test1'),
(1266, '2023-01-16 11:11:47', 'test1'),
(1267, '2023-01-16 11:11:47', 'test2'),
(1268, '2023-01-16 11:11:47', 'test2'),
(1269, '2023-01-16 11:11:47', 'test2'),
(1270, '2023-01-16 11:11:47', 'test2'),
(1271, '2023-01-16 11:12:10', 'test0'),
(1272, '2023-01-16 11:12:10', 'test0'),
(1273, '2023-01-16 11:12:10', 'test0'),
(1274, '2023-01-16 11:12:10', 'test1'),
(1275, '2023-01-16 11:12:10', 'test1'),
(1276, '2023-01-16 11:12:10', 'test1'),
(1277, '2023-01-16 11:12:10', 'test1'),
(1278, '2023-01-16 11:12:10', 'test2'),
(1279, '2023-01-16 11:12:10', 'test2'),
(1280, '2023-01-16 11:12:10', 'test2'),
(1281, '2023-01-16 11:12:10', 'test2'),
(1282, '2023-01-16 11:12:20', 'test0'),
(1283, '2023-01-16 11:12:20', 'test0'),
(1284, '2023-01-16 11:12:20', 'test0'),
(1285, '2023-01-16 11:12:20', 'test1'),
(1286, '2023-01-16 11:12:20', 'test1'),
(1287, '2023-01-16 11:12:20', 'test1'),
(1288, '2023-01-16 11:12:20', 'test1'),
(1289, '2023-01-16 11:12:20', 'test2'),
(1290, '2023-01-16 11:12:20', 'test2'),
(1291, '2023-01-16 11:12:20', 'test2'),
(1292, '2023-01-16 11:12:20', 'test2'),
(1293, '2023-01-16 11:13:33', 'test0'),
(1294, '2023-01-16 11:13:33', 'test0'),
(1295, '2023-01-16 11:13:33', 'test0'),
(1296, '2023-01-16 11:13:33', 'test1'),
(1297, '2023-01-16 11:13:33', 'test1'),
(1298, '2023-01-16 11:13:33', 'test1'),
(1299, '2023-01-16 11:13:33', 'test1'),
(1300, '2023-01-16 11:13:33', 'test2'),
(1301, '2023-01-16 11:13:33', 'test2'),
(1302, '2023-01-16 11:13:33', 'test2'),
(1303, '2023-01-16 11:13:33', 'test2'),
(1304, '2023-01-16 11:13:52', 'test0'),
(1305, '2023-01-16 11:13:52', 'test0'),
(1306, '2023-01-16 11:13:52', 'test0'),
(1307, '2023-01-16 11:13:52', 'test1'),
(1308, '2023-01-16 11:13:52', 'test1'),
(1309, '2023-01-16 11:13:52', 'test1'),
(1310, '2023-01-16 11:13:52', 'test1'),
(1311, '2023-01-16 11:13:52', 'test2'),
(1312, '2023-01-16 11:13:52', 'test2'),
(1313, '2023-01-16 11:13:52', 'test2'),
(1314, '2023-01-16 11:13:52', 'test2'),
(1315, '2023-01-16 11:28:42', 'test0'),
(1316, '2023-01-16 11:28:42', 'test0'),
(1317, '2023-01-16 11:28:42', 'test0'),
(1318, '2023-01-16 11:28:42', 'test1'),
(1319, '2023-01-16 11:28:42', 'test1'),
(1320, '2023-01-16 11:28:42', 'test1'),
(1321, '2023-01-16 11:28:42', 'test1'),
(1322, '2023-01-16 11:28:42', 'test2'),
(1323, '2023-01-16 11:28:42', 'test2'),
(1324, '2023-01-16 11:28:42', 'test2'),
(1325, '2023-01-16 11:28:42', 'test2'),
(1326, '2023-01-16 11:30:18', 'test0'),
(1327, '2023-01-16 11:30:18', 'test0'),
(1328, '2023-01-16 11:30:18', 'test0'),
(1329, '2023-01-16 11:30:18', 'test1'),
(1330, '2023-01-16 11:30:18', 'test1'),
(1331, '2023-01-16 11:30:18', 'test1'),
(1332, '2023-01-16 11:30:18', 'test1'),
(1333, '2023-01-16 11:30:18', 'test2'),
(1334, '2023-01-16 11:30:18', 'test2'),
(1335, '2023-01-16 11:30:18', 'test2'),
(1336, '2023-01-16 11:30:18', 'test2'),
(1337, '2023-01-16 11:33:21', 'test0'),
(1338, '2023-01-16 11:33:21', 'test0'),
(1339, '2023-01-16 11:33:21', 'test0'),
(1340, '2023-01-16 11:33:21', 'test1'),
(1341, '2023-01-16 11:33:21', 'test1'),
(1342, '2023-01-16 11:33:21', 'test1'),
(1343, '2023-01-16 11:33:21', 'test1'),
(1344, '2023-01-16 11:33:21', 'test2'),
(1345, '2023-01-16 11:33:21', 'test2'),
(1346, '2023-01-16 11:33:21', 'test2'),
(1347, '2023-01-16 11:33:21', 'test2'),
(1348, '2023-01-16 11:34:52', 'test0'),
(1349, '2023-01-16 11:34:52', 'test0'),
(1350, '2023-01-16 11:34:52', 'test0'),
(1351, '2023-01-16 11:34:52', 'test1'),
(1352, '2023-01-16 11:34:52', 'test1'),
(1353, '2023-01-16 11:34:52', 'test1'),
(1354, '2023-01-16 11:34:52', 'test1'),
(1355, '2023-01-16 11:34:52', 'test2'),
(1356, '2023-01-16 11:34:52', 'test2'),
(1357, '2023-01-16 11:34:52', 'test2'),
(1358, '2023-01-16 11:34:52', 'test2'),
(1359, '2023-01-16 11:35:32', 'test0'),
(1360, '2023-01-16 11:35:32', 'test0'),
(1361, '2023-01-16 11:35:32', 'test0'),
(1362, '2023-01-16 11:35:32', 'test1'),
(1363, '2023-01-16 11:35:32', 'test1'),
(1364, '2023-01-16 11:35:32', 'test1'),
(1365, '2023-01-16 11:35:32', 'test1'),
(1366, '2023-01-16 11:35:32', 'test2'),
(1367, '2023-01-16 11:35:32', 'test2'),
(1368, '2023-01-16 11:35:32', 'test2'),
(1369, '2023-01-16 11:35:32', 'test2'),
(1370, '2023-01-16 11:35:54', 'test0'),
(1371, '2023-01-16 11:35:54', 'test0'),
(1372, '2023-01-16 11:35:54', 'test0'),
(1373, '2023-01-16 11:35:54', 'test1'),
(1374, '2023-01-16 11:35:54', 'test1'),
(1375, '2023-01-16 11:35:54', 'test1'),
(1376, '2023-01-16 11:35:54', 'test1'),
(1377, '2023-01-16 11:35:54', 'test2'),
(1378, '2023-01-16 11:35:54', 'test2'),
(1379, '2023-01-16 11:35:54', 'test2'),
(1380, '2023-01-16 11:35:54', 'test2'),
(1381, '2023-01-16 11:36:13', 'test0'),
(1382, '2023-01-16 11:36:13', 'test0'),
(1383, '2023-01-16 11:36:13', 'test0'),
(1384, '2023-01-16 11:36:13', 'test1'),
(1385, '2023-01-16 11:36:13', 'test1'),
(1386, '2023-01-16 11:36:13', 'test1'),
(1387, '2023-01-16 11:36:13', 'test1'),
(1388, '2023-01-16 11:36:13', 'test2'),
(1389, '2023-01-16 11:36:13', 'test2'),
(1390, '2023-01-16 11:36:13', 'test2'),
(1391, '2023-01-16 11:36:13', 'test2'),
(1392, '2023-01-16 11:40:01', 'test0'),
(1393, '2023-01-16 11:40:01', 'test0'),
(1394, '2023-01-16 11:40:01', 'test0'),
(1395, '2023-01-16 11:40:01', 'test1'),
(1396, '2023-01-16 11:40:01', 'test1'),
(1397, '2023-01-16 11:40:01', 'test1'),
(1398, '2023-01-16 11:40:01', 'test1'),
(1399, '2023-01-16 11:40:01', 'test2'),
(1400, '2023-01-16 11:40:01', 'test2'),
(1401, '2023-01-16 11:40:01', 'test2'),
(1402, '2023-01-16 11:40:01', 'test2'),
(1403, '2023-01-16 11:49:17', 'test0'),
(1404, '2023-01-16 11:49:17', 'test0'),
(1405, '2023-01-16 11:49:17', 'test0'),
(1406, '2023-01-16 11:49:17', 'test1'),
(1407, '2023-01-16 11:49:17', 'test1'),
(1408, '2023-01-16 11:49:17', 'test1'),
(1409, '2023-01-16 11:49:17', 'test1'),
(1410, '2023-01-16 11:49:17', 'test2'),
(1411, '2023-01-16 11:49:17', 'test2'),
(1412, '2023-01-16 11:49:17', 'test2'),
(1413, '2023-01-16 11:49:17', 'test2'),
(1414, '2023-01-16 11:49:32', 'test0'),
(1415, '2023-01-16 11:49:32', 'test0'),
(1416, '2023-01-16 11:49:32', 'test0'),
(1417, '2023-01-16 11:49:33', 'test1'),
(1418, '2023-01-16 11:49:33', 'test1'),
(1419, '2023-01-16 11:49:33', 'test1'),
(1420, '2023-01-16 11:49:33', 'test1'),
(1421, '2023-01-16 11:49:33', 'test2'),
(1422, '2023-01-16 11:49:33', 'test2'),
(1423, '2023-01-16 11:49:33', 'test2'),
(1424, '2023-01-16 11:49:33', 'test2'),
(1425, '2023-01-16 11:50:18', 'test0'),
(1426, '2023-01-16 11:50:18', 'test0'),
(1427, '2023-01-16 11:50:18', 'test0'),
(1428, '2023-01-16 11:50:18', 'test1'),
(1429, '2023-01-16 11:50:18', 'test1'),
(1430, '2023-01-16 11:50:18', 'test1'),
(1431, '2023-01-16 11:50:18', 'test1'),
(1432, '2023-01-16 11:50:18', 'test2'),
(1433, '2023-01-16 11:50:18', 'test2'),
(1434, '2023-01-16 11:50:18', 'test2'),
(1435, '2023-01-16 11:50:18', 'test2'),
(1436, '2023-01-16 11:51:02', 'test0'),
(1437, '2023-01-16 11:51:02', 'test0'),
(1438, '2023-01-16 11:51:02', 'test0'),
(1439, '2023-01-16 11:51:02', 'test1'),
(1440, '2023-01-16 11:51:02', 'test1'),
(1441, '2023-01-16 11:51:02', 'test1'),
(1442, '2023-01-16 11:51:02', 'test1'),
(1443, '2023-01-16 11:51:02', 'test2'),
(1444, '2023-01-16 11:51:02', 'test2'),
(1445, '2023-01-16 11:51:02', 'test2'),
(1446, '2023-01-16 11:51:02', 'test2'),
(1447, '2023-01-16 11:51:52', 'test0'),
(1448, '2023-01-16 11:51:52', 'test0'),
(1449, '2023-01-16 11:51:52', 'test0'),
(1450, '2023-01-16 11:51:52', 'test1'),
(1451, '2023-01-16 11:51:52', 'test1'),
(1452, '2023-01-16 11:51:52', 'test1'),
(1453, '2023-01-16 11:51:52', 'test1'),
(1454, '2023-01-16 11:51:52', 'test2'),
(1455, '2023-01-16 11:51:52', 'test2'),
(1456, '2023-01-16 11:51:52', 'test2'),
(1457, '2023-01-16 11:51:52', 'test2'),
(1458, '2023-01-16 11:52:26', 'test0'),
(1459, '2023-01-16 11:52:26', 'test0'),
(1460, '2023-01-16 11:52:26', 'test0'),
(1461, '2023-01-16 11:52:26', 'test1'),
(1462, '2023-01-16 11:52:26', 'test1'),
(1463, '2023-01-16 11:52:26', 'test1'),
(1464, '2023-01-16 11:52:26', 'test1'),
(1465, '2023-01-16 11:52:26', 'test2'),
(1466, '2023-01-16 11:52:26', 'test2'),
(1467, '2023-01-16 11:52:26', 'test2'),
(1468, '2023-01-16 11:52:26', 'test2'),
(1469, '2023-01-16 11:52:50', 'test0'),
(1470, '2023-01-16 11:52:50', 'test0'),
(1471, '2023-01-16 11:52:50', 'test0'),
(1472, '2023-01-16 11:52:50', 'test1'),
(1473, '2023-01-16 11:52:50', 'test1'),
(1474, '2023-01-16 11:52:50', 'test1'),
(1475, '2023-01-16 11:52:50', 'test1'),
(1476, '2023-01-16 11:52:50', 'test2'),
(1477, '2023-01-16 11:52:50', 'test2'),
(1478, '2023-01-16 11:52:50', 'test2'),
(1479, '2023-01-16 11:52:50', 'test2'),
(1480, '2023-01-16 11:53:15', 'test0'),
(1481, '2023-01-16 11:53:15', 'test0'),
(1482, '2023-01-16 11:53:15', 'test0'),
(1483, '2023-01-16 11:53:15', 'test1'),
(1484, '2023-01-16 11:53:15', 'test1'),
(1485, '2023-01-16 11:53:15', 'test1'),
(1486, '2023-01-16 11:53:15', 'test1'),
(1487, '2023-01-16 11:53:15', 'test2'),
(1488, '2023-01-16 11:53:15', 'test2'),
(1489, '2023-01-16 11:53:15', 'test2'),
(1490, '2023-01-16 11:53:15', 'test2'),
(1491, '2023-01-16 12:09:08', 'Database connected!'),
(1492, '2023-01-16 12:09:14', 'admin has logged in.'),
(1493, '2023-01-16 12:09:30', 'updated priority'),
(1494, '2023-01-16 12:09:39', 'updated priority'),
(1495, '2023-01-16 12:17:55', 'updated priority'),
(1496, '2023-01-16 12:18:05', 'updated priority'),
(1497, '2023-01-16 12:18:16', 'updated priority'),
(1498, '2023-01-16 12:53:32', 'Database connected!'),
(1499, '2023-01-16 12:53:41', 'admin has logged in.'),
(1500, '2023-01-16 12:53:50', 'updated priority'),
(1501, '2023-01-16 12:54:26', 'updated priority'),
(1502, '2023-01-16 12:55:00', 'updated priority'),
(1503, '2023-01-16 13:06:55', 'updated priority'),
(1504, '2023-01-16 13:08:50', 'updated priority'),
(1505, '2023-01-16 13:45:19', 'Database connected!'),
(1506, '2023-01-16 13:45:28', 'admin has logged in.'),
(1507, '2023-01-16 13:45:35', 'deleted priority'),
(1508, '2023-01-16 13:51:59', 'Database connected!'),
(1509, '2023-01-16 13:52:17', 'admin has logged in.'),
(1510, '2023-01-16 13:52:25', 'deleted priority'),
(1511, '2023-01-16 13:53:03', 'Database connected!'),
(1512, '2023-01-16 13:53:11', 'admin has logged in.'),
(1513, '2023-01-16 13:53:21', 'added priority'),
(1514, '2023-01-16 13:54:50', 'added priority'),
(1515, '2023-01-16 13:55:08', 'updated priority'),
(1516, '2023-01-16 13:55:57', 'updated priority'),
(1517, '2023-01-16 13:56:55', 'deleted priority'),
(1518, '2023-01-16 13:57:03', 'added priority'),
(1519, '2023-01-16 13:57:09', 'deleted priority'),
(1520, '2023-01-16 13:58:38', 'added priority'),
(1521, '2023-01-16 14:05:03', 'test has logged in.'),
(1522, '2023-01-16 14:05:32', 'deleted priority'),
(1523, '2023-01-16 15:15:27', 'Database connected!'),
(1524, '2023-01-16 15:15:36', 'admin has logged in.'),
(1525, '2023-01-16 15:15:58', 'added status'),
(1526, '2023-01-16 15:16:05', 'updated status'),
(1527, '2023-01-16 15:16:12', 'deleted status'),
(1528, '2023-01-16 15:16:24', 'added dept'),
(1529, '2023-01-16 15:16:36', 'updated dept'),
(1530, '2023-01-16 15:16:42', 'deleted dept'),
(1531, '2023-01-16 15:17:01', 'deleted priority'),
(1532, '2023-01-16 15:17:02', 'deleted priority'),
(1533, '2023-01-16 15:17:04', 'deleted priority'),
(1534, '2023-01-17 12:27:52', 'Database connected!'),
(1535, '2023-01-17 12:28:02', 'admin has logged in.'),
(1536, '2023-01-17 12:29:52', 'updated status'),
(1537, '2023-01-17 13:10:10', 'admin has logged in.'),
(1538, '2023-01-18 08:40:21', 'Database connected!'),
(1539, '2023-01-18 08:40:30', 'admin has logged in.'),
(1540, '2023-01-18 09:22:26', 'ticket inserted'),
(1541, '2023-01-18 09:23:59', 'ticket inserted'),
(1542, '2023-01-18 09:38:12', 'Database connected!'),
(1543, '2023-01-18 09:38:19', 'admin has logged in.'),
(1544, '2023-01-18 09:38:52', 'added user'),
(1545, '2023-01-18 10:00:52', 'Database connected!'),
(1546, '2023-01-18 10:01:00', 'admin has logged in.'),
(1547, '2023-01-18 10:01:47', 'added user'),
(1548, '2023-01-18 10:10:15', 'Database connected!'),
(1549, '2023-01-18 10:25:31', 'Database connected!'),
(1550, '2023-01-18 10:25:45', 'admin has logged in.'),
(1551, '2023-01-18 10:26:12', 'added user'),
(1552, '2023-01-18 10:27:35', 'Database connected!'),
(1553, '2023-01-18 10:27:43', 'admin has logged in.'),
(1554, '2023-01-18 10:28:00', 'added user'),
(1555, '2023-01-18 10:35:26', 'Database connected!'),
(1556, '2023-01-18 10:37:05', 'Database connected!'),
(1557, '2023-01-18 10:37:26', 'Database connected!'),
(1558, '2023-01-18 10:37:35', 'Database connected!'),
(1559, '2023-01-18 10:38:20', 'Database connected!'),
(1560, '2023-01-18 10:38:53', 'Database connected!'),
(1561, '2023-01-18 10:40:01', 'Database connected!'),
(1562, '2023-01-18 10:40:12', 'Database connected!'),
(1563, '2023-01-18 10:40:59', 'Database connected!'),
(1564, '2023-01-18 10:41:29', 'Database connected!'),
(1565, '2023-01-18 10:42:07', 'Database connected!'),
(1566, '2023-01-18 10:43:26', 'Database connected!'),
(1567, '2023-01-18 10:43:36', 'admin has logged in.'),
(1568, '2023-01-18 11:10:33', 'Database connected!'),
(1569, '2023-01-18 11:10:42', 'admin has logged in.'),
(1570, '2023-01-18 11:11:08', 'added user'),
(1571, '2023-01-18 11:14:02', 'added user'),
(1572, '2023-01-18 11:15:14', 'Database connected!'),
(1573, '2023-01-18 11:15:21', 'admin has logged in.'),
(1574, '2023-01-18 11:15:39', 'added user'),
(1575, '2023-01-18 11:33:10', 'Database connected!'),
(1576, '2023-01-18 11:33:21', 'admin has logged in.'),
(1577, '2023-01-18 11:33:51', 'added user'),
(1578, '2023-01-18 11:38:04', 'Database connected!'),
(1579, '2023-01-18 11:38:10', 'admin has logged in.'),
(1580, '2023-01-18 11:38:30', 'added user'),
(1581, '2023-01-18 12:38:40', 'Database connected!'),
(1582, '2023-01-18 12:38:46', 'admin has logged in.'),
(1583, '2023-01-18 14:00:09', 'Database connected!'),
(1584, '2023-01-18 14:00:15', 'admin has logged in.'),
(1585, '2023-01-18 14:43:22', 'Database connected!'),
(1586, '2023-01-18 14:43:27', 'admin has logged in.'),
(1587, '2023-01-18 15:08:58', 'Database connected!'),
(1588, '2023-01-18 15:09:03', 'admin has logged in.'),
(1589, '2023-01-18 15:09:22', 'deleted user'),
(1590, '2023-01-19 08:18:52', 'Database connected!'),
(1591, '2023-01-19 08:18:58', 'admin has logged in.'),
(1592, '2023-01-19 08:25:45', 'Database connected!'),
(1593, '2023-01-19 08:26:05', 'admin has logged in.'),
(1594, '2023-01-19 12:06:59', 'added user'),
(1595, '2023-01-19 12:09:01', 'added user'),
(1596, '2023-01-19 12:10:24', 'added user'),
(1597, '2023-01-19 12:16:14', 'deleted user'),
(1598, '2023-01-19 12:16:46', 'deleted user'),
(1599, '2023-01-19 12:17:08', 'deleted user'),
(1600, '2023-01-19 12:23:47', 'added priority'),
(1601, '2023-01-19 12:25:43', 'updated priority'),
(1602, '2023-01-19 12:25:51', 'deleted priority'),
(1603, '2023-01-20 08:55:17', 'Database connected!'),
(1604, '2023-01-20 08:55:23', 'admin has logged in.'),
(1605, '2023-01-20 11:37:13', 'Database connected!'),
(1606, '2023-01-20 11:37:18', 'admin has logged in.'),
(1607, '2023-01-20 11:39:59', 'Database connected!'),
(1608, '2023-01-20 11:40:08', 'admin has logged in.'),
(1609, '2023-01-20 11:41:36', 'Database connected!'),
(1610, '2023-01-20 11:41:45', 'admin has logged in.'),
(1611, '2023-01-20 11:41:46', 'SELECT * FROM tickets'),
(1612, '2023-01-20 11:41:49', 'SELECT * FROM tickets ORDER BY tickets.id DESC`'),
(1613, '2023-01-20 11:42:25', 'Database connected!'),
(1614, '2023-01-20 11:42:32', 'admin has logged in.'),
(1615, '2023-01-20 11:42:33', 'SELECT * FROM tickets'),
(1616, '2023-01-20 11:42:37', 'SELECT * FROM tickets ORDER BY tickets.id DESC'),
(1617, '2023-01-20 11:42:39', 'SELECT * FROM tickets ORDER BY tickets.id DESC'),
(1618, '2023-01-20 11:42:40', 'SELECT * FROM tickets ORDER BY tickets.id DESC'),
(1619, '2023-01-20 11:42:41', 'SELECT * FROM tickets ORDER BY tickets.id DESC'),
(1620, '2023-01-20 11:42:41', 'SELECT * FROM tickets ORDER BY tickets.id DESC'),
(1621, '2023-01-20 11:42:42', 'SELECT * FROM tickets ORDER BY tickets.id DESC'),
(1622, '2023-01-20 11:42:43', 'SELECT * FROM tickets ORDER BY tickets.id DESC'),
(1623, '2023-01-20 11:42:44', 'SELECT * FROM tickets ORDER BY tickets.id DESC'),
(1624, '2023-01-20 11:42:44', 'SELECT * FROM tickets ORDER BY tickets.id DESC'),
(1625, '2023-01-20 11:42:44', 'SELECT * FROM tickets ORDER BY tickets.id DESC'),
(1626, '2023-01-20 11:42:44', 'SELECT * FROM tickets ORDER BY tickets.id DESC'),
(1627, '2023-01-20 11:42:44', 'SELECT * FROM tickets ORDER BY tickets.id DESC'),
(1628, '2023-01-20 11:42:45', 'SELECT * FROM tickets ORDER BY tickets.id DESC'),
(1629, '2023-01-20 11:42:45', 'SELECT * FROM tickets ORDER BY tickets.id DESC'),
(1630, '2023-01-20 11:42:45', 'SELECT * FROM tickets ORDER BY tickets.id DESC'),
(1631, '2023-01-20 11:42:54', 'SELECT * FROM tickets ORDER BY tickets.id ASC'),
(1632, '2023-01-20 11:42:55', 'SELECT * FROM tickets ORDER BY tickets.id ASC'),
(1633, '2023-01-20 11:42:55', 'SELECT * FROM tickets ORDER BY tickets.id ASC'),
(1634, '2023-01-20 11:42:55', 'SELECT * FROM tickets ORDER BY tickets.id ASC'),
(1635, '2023-01-20 11:42:56', 'SELECT * FROM tickets ORDER BY tickets.id ASC'),
(1636, '2023-01-20 11:42:56', 'SELECT * FROM tickets ORDER BY tickets.id ASC'),
(1637, '2023-01-20 11:42:57', 'SELECT * FROM tickets ORDER BY tickets.id ASC'),
(1638, '2023-01-20 11:42:57', 'SELECT * FROM tickets ORDER BY tickets.id ASC'),
(1639, '2023-01-20 11:42:57', 'SELECT * FROM tickets ORDER BY tickets.id ASC'),
(1640, '2023-01-20 11:42:57', 'SELECT * FROM tickets ORDER BY tickets.id ASC'),
(1641, '2023-01-20 11:42:58', 'SELECT * FROM tickets ORDER BY tickets.id ASC'),
(1642, '2023-01-20 11:42:58', 'SELECT * FROM tickets ORDER BY tickets.id ASC'),
(1643, '2023-01-20 11:42:58', 'SELECT * FROM tickets ORDER BY tickets.id ASC'),
(1644, '2023-01-20 11:42:58', 'SELECT * FROM tickets ORDER BY tickets.id ASC'),
(1645, '2023-01-20 11:44:06', 'SELECT * FROM tickets'),
(1646, '2023-01-20 11:45:17', 'SELECT * FROM tickets'),
(1647, '2023-01-20 11:45:25', 'SELECT * FROM tickets'),
(1648, '2023-01-20 11:45:28', 'SELECT * FROM tickets'),
(1649, '2023-01-20 11:45:57', 'SELECT * FROM tickets'),
(1650, '2023-01-20 11:45:59', 'SELECT * FROM tickets'),
(1651, '2023-01-20 11:45:59', 'SELECT * FROM tickets'),
(1652, '2023-01-20 11:46:01', 'SELECT * FROM tickets'),
(1653, '2023-01-20 11:46:37', 'SELECT * FROM tickets'),
(1654, '2023-01-20 11:46:38', 'SELECT * FROM tickets ORDER BY tickets.id ASC'),
(1655, '2023-01-20 11:46:38', 'SELECT * FROM tickets ORDER BY tickets.id DESC'),
(1656, '2023-01-20 11:46:41', 'SELECT * FROM tickets ORDER BY tickets.id ASC'),
(1657, '2023-01-20 11:46:41', 'SELECT * FROM tickets ORDER BY tickets.id DESC'),
(1658, '2023-01-20 11:46:42', 'SELECT * FROM tickets ORDER BY tickets.id DESC'),
(1659, '2023-01-20 11:46:43', 'SELECT * FROM tickets ORDER BY tickets.id DESC'),
(1660, '2023-01-20 11:46:43', 'SELECT * FROM tickets ORDER BY tickets.id DESC'),
(1661, '2023-01-20 11:46:43', 'SELECT * FROM tickets ORDER BY tickets.id DESC'),
(1662, '2023-01-20 11:46:43', 'SELECT * FROM tickets ORDER BY tickets.id DESC'),
(1663, '2023-01-20 11:46:44', 'SELECT * FROM tickets ORDER BY tickets.id DESC'),
(1664, '2023-01-20 11:46:45', 'SELECT * FROM tickets ORDER BY tickets.id DESC'),
(1665, '2023-01-20 11:46:45', 'SELECT * FROM tickets ORDER BY tickets.id DESC'),
(1666, '2023-01-20 11:46:45', 'SELECT * FROM tickets ORDER BY tickets.id DESC'),
(1667, '2023-01-20 11:46:45', 'SELECT * FROM tickets ORDER BY tickets.id DESC'),
(1668, '2023-01-20 11:46:45', 'SELECT * FROM tickets ORDER BY tickets.id DESC'),
(1669, '2023-01-20 11:46:46', 'SELECT * FROM tickets ORDER BY tickets.id DESC'),
(1670, '2023-01-20 11:46:46', 'SELECT * FROM tickets ORDER BY tickets.id DESC'),
(1671, '2023-01-20 11:46:47', 'SELECT * FROM tickets ORDER BY tickets.id ASC'),
(1672, '2023-01-20 11:46:48', 'SELECT * FROM tickets ORDER BY tickets.id DESC'),
(1673, '2023-01-20 11:47:08', 'SELECT * FROM tickets'),
(1674, '2023-01-20 11:47:09', 'SELECT * FROM tickets ORDER BY tickets.id ASC'),
(1675, '2023-01-20 11:47:11', 'SELECT * FROM tickets ORDER BY tickets.id DESC'),
(1676, '2023-01-20 11:47:14', 'SELECT * FROM tickets'),
(1677, '2023-01-20 11:47:46', 'SELECT * FROM tickets'),
(1678, '2023-01-20 11:47:47', 'SELECT * FROM tickets ORDER BY tickets.id ASC'),
(1679, '2023-01-20 11:47:48', 'SELECT * FROM tickets ORDER BY tickets.id DESC'),
(1680, '2023-01-20 11:47:49', 'SELECT * FROM tickets ORDER BY tickets.id ASC'),
(1681, '2023-01-20 11:51:53', 'Database connected!'),
(1682, '2023-01-20 11:52:02', 'admin has logged in.'),
(1683, '2023-01-20 11:53:56', 'Database connected!'),
(1684, '2023-01-20 11:54:00', 'admin has logged in.'),
(1685, '2023-01-20 11:54:01', 'SELECT * FROM tickets'),
(1686, '2023-01-20 11:54:14', 'SELECT * FROM tickets ORDER BY tickets.topic ASC'),
(1687, '2023-01-20 11:54:50', 'Database connected!'),
(1688, '2023-01-20 11:54:55', 'admin has logged in.'),
(1689, '2023-01-20 11:54:55', 'SELECT * FROM tickets'),
(1690, '2023-01-20 11:55:07', 'SELECT * FROM tickets ORDER BY tickets.topic DESC'),
(1691, '2023-01-20 11:55:10', 'SELECT * FROM tickets ORDER BY tickets.topic ASC'),
(1692, '2023-01-20 11:55:13', 'SELECT * FROM tickets ORDER BY tickets.id ASC'),
(1693, '2023-01-20 11:55:17', 'SELECT * FROM tickets ORDER BY tickets.id DESC'),
(1694, '2023-01-20 11:55:20', 'SELECT * FROM tickets ORDER BY tickets.id ASC'),
(1695, '2023-01-20 11:55:23', 'SELECT * FROM tickets ORDER BY tickets.topic DESC'),
(1696, '2023-01-20 11:55:27', 'SELECT * FROM tickets ORDER BY tickets.id ASC'),
(1697, '2023-01-20 11:55:29', 'SELECT * FROM tickets ORDER BY tickets.topic DESC'),
(1698, '2023-01-20 11:55:44', 'SELECT * FROM tickets ORDER BY tickets.data ASC'),
(1699, '2023-01-20 11:55:58', 'SELECT * FROM tickets ORDER BY tickets.data DESC'),
(1700, '2023-01-20 11:56:47', 'Database connected!'),
(1701, '2023-01-20 11:56:52', 'admin has logged in.'),
(1702, '2023-01-20 11:56:52', 'SELECT * FROM tickets'),
(1703, '2023-01-20 11:56:56', 'SELECT * FROM tickets ORDER BY tickets.id DESC'),
(1704, '2023-01-20 11:56:58', 'SELECT * FROM tickets ORDER BY tickets.id AESC'),
(1705, '2023-01-20 11:57:07', 'Database connected!'),
(1706, '2023-01-20 11:57:19', 'admin has logged in.'),
(1707, '2023-01-20 11:57:19', 'SELECT * FROM tickets'),
(1708, '2023-01-20 11:57:25', 'SELECT * FROM tickets ORDER BY tickets.id DESC'),
(1709, '2023-01-20 11:57:26', 'SELECT * FROM tickets ORDER BY tickets.id AESC'),
(1710, '2023-01-20 11:57:46', 'Database connected!'),
(1711, '2023-01-20 11:57:57', 'admin has logged in.'),
(1712, '2023-01-20 11:57:57', 'SELECT * FROM tickets'),
(1713, '2023-01-20 11:58:00', 'SELECT * FROM tickets ORDER BY tickets.id DESC'),
(1714, '2023-01-20 11:58:01', 'SELECT * FROM tickets ORDER BY tickets.id ASC'),
(1715, '2023-01-20 11:58:03', 'SELECT * FROM tickets ORDER BY tickets.id DESC'),
(1716, '2023-01-20 11:58:05', 'SELECT * FROM tickets ORDER BY tickets.id ASC'),
(1717, '2023-01-20 11:58:05', 'SELECT * FROM tickets'),
(1718, '2023-01-20 11:58:07', 'SELECT * FROM tickets ORDER BY tickets.id DESC'),
(1719, '2023-01-20 11:58:10', 'SELECT * FROM tickets ORDER BY tickets.id ASC'),
(1720, '2023-01-20 11:58:47', 'SELECT * FROM tickets ORDER BY tickets.id DESC'),
(1721, '2023-01-20 11:58:47', 'SELECT * FROM tickets ORDER BY tickets.id ASC'),
(1722, '2023-01-20 11:58:48', 'SELECT * FROM tickets ORDER BY tickets.id DESC'),
(1723, '2023-01-20 11:58:49', 'SELECT * FROM tickets ORDER BY tickets.id ASC'),
(1724, '2023-01-20 11:58:50', 'SELECT * FROM tickets ORDER BY tickets.id DESC'),
(1725, '2023-01-20 11:58:52', 'SELECT * FROM tickets ORDER BY tickets.id DESC'),
(1726, '2023-01-20 11:58:52', 'SELECT * FROM tickets ORDER BY tickets.id DESC'),
(1727, '2023-01-20 11:58:53', 'SELECT * FROM tickets ORDER BY tickets.id DESC'),
(1728, '2023-01-20 11:58:53', 'SELECT * FROM tickets ORDER BY tickets.id DESC'),
(1729, '2023-01-20 11:58:54', 'SELECT * FROM tickets ORDER BY tickets.id DESC'),
(1730, '2023-01-20 11:58:55', 'SELECT * FROM tickets ORDER BY tickets.id DESC'),
(1731, '2023-01-20 11:58:57', 'SELECT * FROM tickets ORDER BY tickets.id ASC'),
(1732, '2023-01-20 11:58:59', 'SELECT * FROM tickets ORDER BY tickets.id ASC'),
(1733, '2023-01-20 11:58:59', 'SELECT * FROM tickets ORDER BY tickets.id ASC'),
(1734, '2023-01-20 11:58:59', 'SELECT * FROM tickets ORDER BY tickets.id ASC'),
(1735, '2023-01-20 11:59:00', 'SELECT * FROM tickets ORDER BY tickets.id ASC'),
(1736, '2023-01-20 11:59:00', 'SELECT * FROM tickets ORDER BY tickets.id ASC'),
(1737, '2023-01-20 11:59:00', 'SELECT * FROM tickets ORDER BY tickets.id ASC'),
(1738, '2023-01-20 12:00:13', 'SELECT * FROM tickets'),
(1739, '2023-01-20 12:00:16', 'SELECT * FROM tickets ORDER BY tickets.topic DESC'),
(1740, '2023-01-20 12:00:17', 'SELECT * FROM tickets ORDER BY tickets.topic ASC'),
(1741, '2023-01-20 12:00:18', 'SELECT * FROM tickets ORDER BY tickets.data DESC'),
(1742, '2023-01-20 12:00:18', 'SELECT * FROM tickets ORDER BY tickets.data ASC'),
(1743, '2023-01-20 12:00:20', 'SELECT * FROM tickets ORDER BY tickets.status DESC'),
(1744, '2023-01-20 12:00:22', 'SELECT * FROM tickets ORDER BY tickets.status ASC'),
(1745, '2023-01-20 12:00:25', 'SELECT * FROM tickets ORDER BY tickets.status ASC'),
(1746, '2023-01-20 12:00:26', 'SELECT * FROM tickets ORDER BY tickets.status ASC'),
(1747, '2023-01-20 12:00:27', 'SELECT * FROM tickets ORDER BY tickets.status ASC'),
(1748, '2023-01-20 12:00:27', 'SELECT * FROM tickets ORDER BY tickets.status ASC'),
(1749, '2023-01-20 12:00:28', 'SELECT * FROM tickets ORDER BY tickets.priority DESC'),
(1750, '2023-01-20 12:00:30', 'SELECT * FROM tickets ORDER BY tickets.priority ASC'),
(1751, '2023-01-20 12:00:41', 'ticket edited'),
(1752, '2023-01-20 12:00:45', 'SELECT * FROM tickets'),
(1753, '2023-01-20 12:00:46', 'SELECT * FROM tickets ORDER BY tickets.priority DESC'),
(1754, '2023-01-20 12:00:47', 'SELECT * FROM tickets ORDER BY tickets.priority ASC'),
(1755, '2023-01-20 12:04:18', 'SELECT * FROM tickets'),
(1756, '2023-01-20 12:04:58', 'SELECT * FROM tickets'),
(1757, '2023-01-20 12:04:59', 'SELECT * FROM tickets ORDER BY tickets.id DESC'),
(1758, '2023-01-20 12:05:00', 'SELECT * FROM tickets ORDER BY tickets.id ASC'),
(1759, '2023-01-20 12:05:01', 'SELECT * FROM tickets ORDER BY tickets.topic DESC'),
(1760, '2023-01-20 12:05:01', 'SELECT * FROM tickets ORDER BY tickets.topic ASC'),
(1761, '2023-01-20 12:05:02', 'SELECT * FROM tickets ORDER BY tickets.data DESC'),
(1762, '2023-01-20 12:05:03', 'SELECT * FROM tickets ORDER BY tickets.data ASC'),
(1763, '2023-01-20 12:05:04', 'SELECT * FROM tickets ORDER BY tickets.status DESC'),
(1764, '2023-01-20 12:05:05', 'SELECT * FROM tickets ORDER BY tickets.status ASC'),
(1765, '2023-01-20 12:05:07', 'SELECT * FROM tickets ORDER BY tickets.priority DESC'),
(1766, '2023-01-20 12:05:07', 'SELECT * FROM tickets ORDER BY tickets.priority ASC'),
(1767, '2023-01-20 12:05:10', 'SELECT * FROM tickets ORDER BY tickets.id DESC'),
(1768, '2023-01-20 12:05:11', 'SELECT * FROM tickets ORDER BY tickets.id ASC'),
(1769, '2023-01-20 12:07:22', 'SELECT * FROM tickets'),
(1770, '2023-01-20 12:07:23', 'SELECT * FROM tickets ORDER BY tickets.id DESC'),
(1771, '2023-01-20 12:07:23', 'SELECT * FROM tickets ORDER BY tickets.id ASC'),
(1772, '2023-01-20 12:07:24', 'SELECT * FROM tickets ORDER BY tickets.id ASC'),
(1773, '2023-01-20 12:07:25', 'SELECT * FROM tickets ORDER BY tickets.id ASC'),
(1774, '2023-01-20 12:07:26', 'SELECT * FROM tickets ORDER BY tickets.id ASC'),
(1775, '2023-01-20 12:07:26', 'SELECT * FROM tickets ORDER BY tickets.id ASC'),
(1776, '2023-01-20 12:07:27', 'SELECT * FROM tickets ORDER BY tickets.id ASC'),
(1777, '2023-01-20 12:07:27', 'SELECT * FROM tickets ORDER BY tickets.id ASC'),
(1778, '2023-01-20 12:07:27', 'SELECT * FROM tickets ORDER BY tickets.id ASC'),
(1779, '2023-01-20 12:07:28', 'SELECT * FROM tickets ORDER BY tickets.topic DESC'),
(1780, '2023-01-20 12:07:29', 'SELECT * FROM tickets ORDER BY tickets.topic ASC'),
(1781, '2023-01-20 12:12:53', 'Database connected!'),
(1782, '2023-01-20 12:12:59', 'admin has logged in.'),
(1783, '2023-01-20 12:12:59', 'SELECT * FROM tickets'),
(1784, '2023-01-20 12:15:45', 'Database connected!'),
(1785, '2023-01-20 12:15:49', 'admin has logged in.'),
(1786, '2023-01-20 12:15:49', 'SELECT * FROM tickets'),
(1787, '2023-01-20 12:15:56', 'Database connected!'),
(1788, '2023-01-20 12:16:05', 'admin has logged in.'),
(1789, '2023-01-20 12:16:06', 'SELECT * FROM tickets'),
(1790, '2023-01-20 12:16:29', 'Database connected!'),
(1791, '2023-01-20 12:16:36', 'admin has logged in.'),
(1792, '2023-01-20 12:16:36', 'SELECT * FROM tickets'),
(1793, '2023-01-20 12:17:39', 'Database connected!'),
(1794, '2023-01-20 12:17:46', 'admin has logged in.'),
(1795, '2023-01-20 12:17:46', 'SELECT * FROM tickets'),
(1796, '2023-01-20 12:19:51', 'test has logged in.');

-- --------------------------------------------------------

--
-- Struktura tabeli dla tabeli `tickets`
--

CREATE TABLE `tickets` (
  `id` int(11) NOT NULL,
  `login_id` int(11) NOT NULL,
  `topic` text NOT NULL DEFAULT 'brak',
  `descr` text NOT NULL,
  `data` datetime NOT NULL,
  `status` int(11) NOT NULL DEFAULT 0,
  `priority` int(11) NOT NULL
) ENGINE=InnoDB DEFAULT CHARSET=utf8mb4;

--
-- Zrzut danych tabeli `tickets`
--

INSERT INTO `tickets` (`id`, `login_id`, `topic`, `descr`, `data`, `status`, `priority`) VALUES
(2, 0, '', 'tyitityu', '0000-00-00 00:00:00', 2, 1),
(3, 0, '', 'tgfhgf', '0000-00-00 00:00:00', 1, 0),
(4, 0, '', 'bhj', '0000-00-00 00:00:00', 1, 0),
(5, 0, '', 'yuiy', '0000-00-00 00:00:00', 1, 0),
(6, 0, '', 'ghg', '2022-12-28 13:46:37', 1, 0),
(7, 0, '', 'hj', '2022-12-28 13:57:14', 1, 0),
(9, 0, '', 'gfhfgh', '2022-12-28 14:18:43', 1, 0),
(10, 1, 'sdg', 'asdg', '2023-01-02 16:45:44', 1, 0),
(11, 1, 'dsfg', 'dfgsdf', '2023-01-02 16:47:40', 1, 0),
(12, 1, 'dfhdhfs', 'dsfhdsfhdf', '2023-01-03 08:01:19', 1, 0),
(13, 1, 'test', 'test', '2023-01-03 08:08:10', 1, 0),
(14, 1, 'tesgdfh', 'dsfhdfhdh', '2023-01-03 08:16:12', 1, 2),
(15, 1, 'dfhdhfs', 'dsfhdsfhdf', '2023-01-03 08:35:21', 1, 2),
(16, 1, 'tesgdfh', 'dsfhdsfhdf', '2023-01-03 11:47:12', 1, 1),
(17, 1, 'tesgdfh', 'dsfhdsfhdf', '2023-01-03 11:47:16', 1, 1),
(18, 1, 'tesgdfh', 'dsfhdsfhdf', '2023-01-03 11:47:20', 1, 1),
(19, 1, 'tesgdfh', 'dsfhdsfhdf', '2023-01-03 11:47:22', 1, 1),
(20, 1, 'tesgdfh', 'dsfhdsfhdf', '2023-01-03 11:47:26', 1, 1),
(21, 1, 'tesgdfh', 'dsfhdsfhdf', '2023-01-03 11:47:28', 1, 1),
(22, 1, 'tesgdfh', 'dsfhdsfhdf', '2023-01-03 11:47:29', 1, 1),
(23, 1, 'tesgdfh', 'dsfhdsfhdf', '2023-01-03 11:47:31', 1, 1),
(24, 1, 'tesgdfh', 'dsfhdsfhdf', '2023-01-03 11:47:33', 1, 1),
(25, 1, 'dfhdhfs', 'dsfhdfhdh', '2023-01-03 12:28:42', 1, 1),
(26, 1, 'dfhdhfs', 'dsfhdfhdh', '2023-01-03 12:29:11', 1, 1),
(27, 1, 'dfhdhfs', 'dsfhdfhdh', '2023-01-03 12:29:14', 1, 1),
(28, 1, 'dfhdhfs', 'dsfhdfhdh', '2023-01-03 12:29:16', 1, 1),
(29, 1, 'dfhdhfs', 'dsfhdfhdh', '2023-01-03 12:29:18', 1, 1),
(30, 1, 'dfhdhfs', 'dsfhdfhdh', '2023-01-03 12:29:19', 1, 1),
(31, 1, 'dfhdhfs', 'dsfhdfhdh', '2023-01-03 12:29:20', 1, 1),
(32, 1, 'dfhdhfs', 'dsfhdfhdh', '2023-01-03 12:29:22', 1, 1),
(33, 1, 'dfhdhfs', 'dsfhdfhdh', '2023-01-03 12:29:24', 1, 1),
(34, 1, 'dfhdhfs', 'dsfhdfhdh', '2023-01-03 12:29:25', 1, 1),
(35, 1, 'dfhdhfs', 'dsfhdfhdh', '2023-01-03 12:29:27', 1, 1),
(36, 1, 'dfhdhfs', 'dsfhdfhdh', '2023-01-03 12:29:28', 1, 1),
(37, 1, 'dfhdhfs', 'dsfhdfhdh', '2023-01-03 12:29:29', 1, 1),
(38, 1, 'dfhdhfs', 'dsfhdfhdh', '2023-01-03 12:29:31', 1, 1),
(39, 1, 'dfhdhfs', 'dsfhdfhdh', '2023-01-03 12:29:32', 1, 1),
(40, 1, 'dfhdhfs', 'dsfhdfhdh', '2023-01-03 12:29:34', 1, 1),
(41, 1, 'dfhdhfs', 'dsfhdfhdh', '2023-01-03 12:29:35', 1, 1),
(42, 1, 'dfhdhfs', 'dsfhdfhdh', '2023-01-03 12:29:37', 1, 1),
(43, 1, 'dfhdhfs', 'dsfhdfhdh', '2023-01-03 12:29:38', 1, 1),
(44, 1, 'dfhdhfs', 'dsfhdfhdh', '2023-01-03 12:29:40', 1, 1),
(45, 1, 'dsfh', 'fgjd', '2023-01-03 12:32:18', 1, 1),
(46, 1, 'dsfh', 'fgjd', '2023-01-03 12:33:10', 1, 1),
(47, 1, 'dfhdhfs', 'dsfhdfhdh', '2023-01-03 14:09:58', 1, 1),
(48, 1, 'Problem z komputerem', 'Komputer sie nie uruchamia', '2023-01-04 11:58:20', 0, 0),
(49, 1, 'cos tam', 'halo', '2023-01-04 12:08:39', 0, 1),
(50, 1, 'halo', 'cos tam', '2023-01-04 12:09:02', 0, 2),
(51, 2, 'admin', 'admin', '2023-01-12 10:44:28', 0, 0),
(52, 2, 'test2', 'test', '2023-01-12 11:36:24', 0, 0),
(53, 2, 'test3', 'test', '2023-01-12 11:50:52', 0, 0),
(54, 1, 'tesgdfh', 'sdfgsdfg', '2023-01-12 12:04:59', 0, 0),
(55, 1, 'testsetsetestset', 'etsetestestest', '2023-01-12 12:05:33', 0, 0),
(56, 2, 'tiuf', 'gygyg', '2023-01-12 12:30:18', 3, 2),
(57, 2, 'sprawdziac', 'ale o co chodzi', '2023-01-13 12:30:40', 0, 1),
(58, 2, 'temat', 'sdtasd', '2023-01-18 09:22:26', 1, 3),
(59, 2, 'dfhdhfs', 'hlk', '2023-01-18 09:23:59', 0, 1);

--
-- Indeksy dla zrzutów tabel
--

--
-- Indeksy dla tabeli `comment`
--
ALTER TABLE `comment`
  ADD PRIMARY KEY (`id`);

--
-- Indeksy dla tabeli `config_dept`
--
ALTER TABLE `config_dept`
  ADD PRIMARY KEY (`id`);

--
-- Indeksy dla tabeli `config_priority`
--
ALTER TABLE `config_priority`
  ADD PRIMARY KEY (`id`);

--
-- Indeksy dla tabeli `config_status`
--
ALTER TABLE `config_status`
  ADD PRIMARY KEY (`id`);

--
-- Indeksy dla tabeli `login`
--
ALTER TABLE `login`
  ADD PRIMARY KEY (`id`);

--
-- Indeksy dla tabeli `logs`
--
ALTER TABLE `logs`
  ADD PRIMARY KEY (`id`);

--
-- Indeksy dla tabeli `tickets`
--
ALTER TABLE `tickets`
  ADD PRIMARY KEY (`id`);

--
-- AUTO_INCREMENT dla zrzuconych tabel
--

--
-- AUTO_INCREMENT dla tabeli `comment`
--
ALTER TABLE `comment`
  MODIFY `id` int(11) NOT NULL AUTO_INCREMENT, AUTO_INCREMENT=32;

--
-- AUTO_INCREMENT dla tabeli `config_dept`
--
ALTER TABLE `config_dept`
  MODIFY `id` int(11) NOT NULL AUTO_INCREMENT, AUTO_INCREMENT=6;

--
-- AUTO_INCREMENT dla tabeli `config_priority`
--
ALTER TABLE `config_priority`
  MODIFY `id` int(11) NOT NULL AUTO_INCREMENT, AUTO_INCREMENT=14;

--
-- AUTO_INCREMENT dla tabeli `config_status`
--
ALTER TABLE `config_status`
  MODIFY `id` int(11) NOT NULL AUTO_INCREMENT, AUTO_INCREMENT=6;

--
-- AUTO_INCREMENT dla tabeli `login`
--
ALTER TABLE `login`
  MODIFY `id` int(11) NOT NULL AUTO_INCREMENT, AUTO_INCREMENT=15;

--
-- AUTO_INCREMENT dla tabeli `logs`
--
ALTER TABLE `logs`
  MODIFY `id` int(11) NOT NULL AUTO_INCREMENT, AUTO_INCREMENT=1797;

--
-- AUTO_INCREMENT dla tabeli `tickets`
--
ALTER TABLE `tickets`
  MODIFY `id` int(11) NOT NULL AUTO_INCREMENT, AUTO_INCREMENT=60;
COMMIT;

/*!40101 SET CHARACTER_SET_CLIENT=@OLD_CHARACTER_SET_CLIENT */;
/*!40101 SET CHARACTER_SET_RESULTS=@OLD_CHARACTER_SET_RESULTS */;
/*!40101 SET COLLATION_CONNECTION=@OLD_COLLATION_CONNECTION */;
